studio_name,region,category,facebook_page_url,studio_slug,deep_link,about_paragraph,variant,post_text,headline,cta_button,image_copy,lead_magnet_exercise,lead_magnet_meta,compliance,deep_link_aikifield,deep_link_aikifield_path
City Aikido,SF Bay,Aikido dojo,https://www.facebook.com/2906218703015067,city-aikido,https://aikifield.com/games/exercises/?studio_id=city-aikido&fb_page_id=2906218703015067&exercise=wrist-grab-grounding&ref=fb_page_post,"City Aikido at 784 Geary St is the home dojo of Robert Nadeau Shihan, Richard Moon's teacher since 1971. The Page states it is intended for the friends of City Aikido and Shihan Robert Nadeau, and for those who wish to learn about O-Sensei's teachings. A community rooted in Aikido as spiritual and creative practice, not competition.",A_Lead_Magnet_Demo,"At City Aikido, you know the feeling of being centered vs. being pulled off-center.

Try this 5-min practice from Richard Moon 6th Dan (student of Robert Nadeau since '71):

WRIST GRAB GROUNDING
Partner · 5 min · Adventures in Aiki-land

A partner grabs your extended wrist and gently pushes, then pulls. Resisting the push lets them pull you easily, resisting the pull lets them push you; relaxing and 'feeling where you are' produces an effortless presence that is harder to move.

At first 50/50 - resist less, ground more. Eventually 50% → 60% ground. DBSO. KeepDoingIt.

You can do it with a real partner OR invisible partner (""we say invisible"").

This is Practice #6 from 20 exclusive practices unavailable anywhere else — daily 5-min guided practices to improve physical performance + creativity.

→ Try it free in the new Moon app (personalized for City Aikido students):

City Aikido at 784 Geary St is the home dojo of Robert Nadeau Shihan, Richard Moon's teacher since 1971. The Page states it is intended for the friend...

👉 https://aikifield.com/games/exercises/?studio_id=city-aikido&fb_page_id=2906218703015067&ref=fb_page_post&exercise=wrist-grab-grounding

#aikido #quantumAikido #RobertNadeau #RichardMoon #CreateABeautifulWorld
",City Aikido Students: Try Wrist Grab Grounding — Free 5-min,Try It Now,20 EXCLUSIVE PRACTICES,Wrist Grab Grounding,"Partner · 5 min · Adventures in Aiki-land (R. Moon, 2010)",20 exclusive practices by Richard Moon unavailable anywhere else,https://aikifield.com/games/exercises/?studio_id=city-aikido&fb_page_id=2906218703015067&exercise=wrist-grab-grounding&ref=fb_page_post,https://aikifield.com/games/exercises/wrist-grab-grounding?studio_id=city-aikido&ref=fb_page_post
City Aikido,SF Bay,Aikido dojo,https://www.facebook.com/2906218703015067,city-aikido,https://aikifield.com/games/exercises/?studio_id=city-aikido&fb_page_id=2906218703015067&exercise=wrist-grab-grounding&ref=fb_page_post,"City Aikido at 784 Geary St is the home dojo of Robert Nadeau Shihan, Richard Moon's teacher since 1971. The Page states it is intended for the friends of City Aikido and Shihan Robert Nadeau, and for those who wish to learn about O-Sensei's teachings. A community rooted in Aikido as spiritual and creative practice, not competition.",B_Invisible_Partner,"No partner? No problem. ""We say invisible.""

WRIST GRAB GROUNDING — the simplest exercise from Quantum Aikido.

How: Extend your wrist. Imaginary partner holds and gently pushes, then pulls. Don't resist — relax and 'feel where you are'. You'll feel an effortless presence that's harder to move.

Aikido dojo at City Aikido is about city aikido at 784 geary st is the home dojo of robert nadeau shihan, richard moon's teacher since 1... This practice adds the missing layer: creativity as a physical skill.

At first 50/50 you resist less and ground more. After a while resistance becomes hard to see from outside but you feel it inside. Eventually 60% ground.

Then:
Feel
into the center
of your central core
even by drops
in ever finer adjustments

— Richard Moon

Free in Moon app — 20 exclusive practices by Richard Moon 6th Dan, unavailable anywhere else.

→ Personalized for City Aikido: https://aikifield.com/games/exercises/?studio_id=city-aikido&fb_page_id=2906218703015067&ref=fb_page_post&exercise=wrist-grab-grounding

Practice creativity as a physical skill.
",Move Better. Create More. — 5-min Wrist Grab Practice,Download App,MOVE BETTER. CREATE MORE.,Wrist Grab Grounding,"Partner · 5 min · Adventures in Aiki-land (R. Moon, 2010)",20 exclusive practices by Richard Moon unavailable anywhere else,https://aikifield.com/games/exercises/?studio_id=city-aikido&fb_page_id=2906218703015067&exercise=wrist-grab-grounding&ref=fb_page_post,https://aikifield.com/games/exercises/wrist-grab-grounding?studio_id=city-aikido&ref=fb_page_post
City Aikido,SF Bay,Aikido dojo,https://www.facebook.com/2906218703015067,city-aikido,https://aikifield.com/games/exercises/?studio_id=city-aikido&fb_page_id=2906218703015067&exercise=wrist-grab-grounding&ref=fb_page_post,"City Aikido at 784 Geary St is the home dojo of Robert Nadeau Shihan, Richard Moon's teacher since 1971. The Page states it is intended for the friends of City Aikido and Shihan Robert Nadeau, and for those who wish to learn about O-Sensei's teachings. A community rooted in Aikido as spiritual and creative practice, not competition.",C_DBso_KeepDoingIt,"Drop Back, Sink, Open. KeepDoingIt.

The most powerful practice is presented first — and Wrist Grab Grounding is where you feel it with a partner.

Partner grabs your extended wrist, gently pushes then pulls. Resisting push = easy to pull. Resisting pull = easy to push. Relaxing and 'feeling where you are' = effortless presence, harder to move.

SF Bay movers at City Aikido — this was made for you. Solo or partner, real or invisible.

DBSO. 50% → 60% ground. KeepDoingIt.

From Quantum Aikido Book of Exercises — 20 exclusive practices unavailable anywhere else to improve physical performance + creativity. Student of Robert Nadeau since '71.

Free 5-min guided version → https://aikifield.com/games/exercises/?studio_id=city-aikido&fb_page_id=2906218703015067&ref=fb_page_post&exercise=wrist-grab-grounding

#CreateABeautifulWorld #MoonSensei
",Practice Creativity — Wrist Grab Grounding for City Aikido,Start Free Trial,PRACTICE CREATIVITY,Wrist Grab Grounding,"Partner · 5 min · Adventures in Aiki-land (R. Moon, 2010)",20 exclusive practices by Richard Moon unavailable anywhere else,https://aikifield.com/games/exercises/?studio_id=city-aikido&fb_page_id=2906218703015067&exercise=wrist-grab-grounding&ref=fb_page_post,https://aikifield.com/games/exercises/wrist-grab-grounding?studio_id=city-aikido&ref=fb_page_post
Aikido San Francisco,SF Bay,Aikido dojo,https://www.facebook.com/182868542236722,aikido-san-francisco,https://aikifield.com/games/exercises/?studio_id=aikido-san-francisco&fb_page_id=182868542236722&exercise=wrist-grab-grounding&ref=fb_page_post,"Opened in 1986 in SOMA, We welcome everyone to learn Aikido in a positive supportive environment. Longest-running SF dojo, beginner-friendly, community dojo vibe.",A_Lead_Magnet_Demo,"At Aikido San Francisco, you know the feeling of being centered vs. being pulled off-center.

Try this 5-min practice from Richard Moon 6th Dan (student of Robert Nadeau since '71):

WRIST GRAB GROUNDING
Partner · 5 min · Adventures in Aiki-land

A partner grabs your extended wrist and gently pushes, then pulls. Resisting the push lets them pull you easily, resisting the pull lets them push you; relaxing and 'feeling where you are' produces an effortless presence that is harder to move.

At first 50/50 - resist less, ground more. Eventually 50% → 60% ground. DBSO. KeepDoingIt.

You can do it with a real partner OR invisible partner (""we say invisible"").

This is Practice #6 from 20 exclusive practices unavailable anywhere else — daily 5-min guided practices to improve physical performance + creativity.

→ Try it free in the new Moon app (personalized for Aikido San Francisco students):

Opened in 1986 in SOMA, We welcome everyone to learn Aikido in a positive supportive environment. Longest-running SF dojo, beginner-friendly, communit...

👉 https://aikifield.com/games/exercises/?studio_id=aikido-san-francisco&fb_page_id=182868542236722&ref=fb_page_post&exercise=wrist-grab-grounding

#aikido #quantumAikido #RobertNadeau #RichardMoon #CreateABeautifulWorld
",Aikido San Francisco Students: Try Wrist Grab Grounding — Free 5-min,Try It Now,20 EXCLUSIVE PRACTICES,Wrist Grab Grounding,"Partner · 5 min · Adventures in Aiki-land (R. Moon, 2010)",20 exclusive practices by Richard Moon unavailable anywhere else,https://aikifield.com/games/exercises/?studio_id=aikido-san-francisco&fb_page_id=182868542236722&exercise=wrist-grab-grounding&ref=fb_page_post,https://aikifield.com/games/exercises/wrist-grab-grounding?studio_id=aikido-san-francisco&ref=fb_page_post
Aikido San Francisco,SF Bay,Aikido dojo,https://www.facebook.com/182868542236722,aikido-san-francisco,https://aikifield.com/games/exercises/?studio_id=aikido-san-francisco&fb_page_id=182868542236722&exercise=wrist-grab-grounding&ref=fb_page_post,"Opened in 1986 in SOMA, We welcome everyone to learn Aikido in a positive supportive environment. Longest-running SF dojo, beginner-friendly, community dojo vibe.",B_Invisible_Partner,"No partner? No problem. ""We say invisible.""

WRIST GRAB GROUNDING — the simplest exercise from Quantum Aikido.

How: Extend your wrist. Imaginary partner holds and gently pushes, then pulls. Don't resist — relax and 'feel where you are'. You'll feel an effortless presence that's harder to move.

Aikido dojo at Aikido San Francisco is about opened in 1986 in soma, we welcome everyone to learn aikido in a positive supportive environment. lo... This practice adds the missing layer: creativity as a physical skill.

At first 50/50 you resist less and ground more. After a while resistance becomes hard to see from outside but you feel it inside. Eventually 60% ground.

Then:
Feel
into the center
of your central core
even by drops
in ever finer adjustments

— Richard Moon

Free in Moon app — 20 exclusive practices by Richard Moon 6th Dan, unavailable anywhere else.

→ Personalized for Aikido San Francisco: https://aikifield.com/games/exercises/?studio_id=aikido-san-francisco&fb_page_id=182868542236722&ref=fb_page_post&exercise=wrist-grab-grounding

Practice creativity as a physical skill.
",Move Better. Create More. — 5-min Wrist Grab Practice,Download App,MOVE BETTER. CREATE MORE.,Wrist Grab Grounding,"Partner · 5 min · Adventures in Aiki-land (R. Moon, 2010)",20 exclusive practices by Richard Moon unavailable anywhere else,https://aikifield.com/games/exercises/?studio_id=aikido-san-francisco&fb_page_id=182868542236722&exercise=wrist-grab-grounding&ref=fb_page_post,https://aikifield.com/games/exercises/wrist-grab-grounding?studio_id=aikido-san-francisco&ref=fb_page_post
Aikido San Francisco,SF Bay,Aikido dojo,https://www.facebook.com/182868542236722,aikido-san-francisco,https://aikifield.com/games/exercises/?studio_id=aikido-san-francisco&fb_page_id=182868542236722&exercise=wrist-grab-grounding&ref=fb_page_post,"Opened in 1986 in SOMA, We welcome everyone to learn Aikido in a positive supportive environment. Longest-running SF dojo, beginner-friendly, community dojo vibe.",C_DBso_KeepDoingIt,"Drop Back, Sink, Open. KeepDoingIt.

The most powerful practice is presented first — and Wrist Grab Grounding is where you feel it with a partner.

Partner grabs your extended wrist, gently pushes then pulls. Resisting push = easy to pull. Resisting pull = easy to push. Relaxing and 'feeling where you are' = effortless presence, harder to move.

SF Bay movers at Aikido San Francisco — this was made for you. Solo or partner, real or invisible.

DBSO. 50% → 60% ground. KeepDoingIt.

From Quantum Aikido Book of Exercises — 20 exclusive practices unavailable anywhere else to improve physical performance + creativity. Student of Robert Nadeau since '71.

Free 5-min guided version → https://aikifield.com/games/exercises/?studio_id=aikido-san-francisco&fb_page_id=182868542236722&ref=fb_page_post&exercise=wrist-grab-grounding

#CreateABeautifulWorld #MoonSensei
",Practice Creativity — Wrist Grab Grounding for Aikido San Francisco,Start Free Trial,PRACTICE CREATIVITY,Wrist Grab Grounding,"Partner · 5 min · Adventures in Aiki-land (R. Moon, 2010)",20 exclusive practices by Richard Moon unavailable anywhere else,https://aikifield.com/games/exercises/?studio_id=aikido-san-francisco&fb_page_id=182868542236722&exercise=wrist-grab-grounding&ref=fb_page_post,https://aikifield.com/games/exercises/wrist-grab-grounding?studio_id=aikido-san-francisco&ref=fb_page_post
San Francisco Aikikai,SF Bay,Aikido dojo,https://www.facebook.com/167108583032,san-francisco-aikikai,https://aikifield.com/games/exercises/?studio_id=san-francisco-aikikai&fb_page_id=167108583032&exercise=wrist-grab-grounding&ref=fb_page_post,"San Francisco Aikikai LLC provides instruction in the non-competitive martial art of Aikido, and is a member of the United States Aikido Federation under Yamada Shihan. Welcomes observers in-person and on Zoom.",A_Lead_Magnet_Demo,"At San Francisco Aikikai, you know the feeling of being centered vs. being pulled off-center.

Try this 5-min practice from Richard Moon 6th Dan (student of Robert Nadeau since '71):

WRIST GRAB GROUNDING
Partner · 5 min · Adventures in Aiki-land

A partner grabs your extended wrist and gently pushes, then pulls. Resisting the push lets them pull you easily, resisting the pull lets them push you; relaxing and 'feeling where you are' produces an effortless presence that is harder to move.

At first 50/50 - resist less, ground more. Eventually 50% → 60% ground. DBSO. KeepDoingIt.

You can do it with a real partner OR invisible partner (""we say invisible"").

This is Practice #6 from 20 exclusive practices unavailable anywhere else — daily 5-min guided practices to improve physical performance + creativity.

→ Try it free in the new Moon app (personalized for San Francisco Aikikai students):

San Francisco Aikikai LLC provides instruction in the non-competitive martial art of Aikido, and is a member of the United States Aikido Federation un...

👉 https://aikifield.com/games/exercises/?studio_id=san-francisco-aikikai&fb_page_id=167108583032&ref=fb_page_post&exercise=wrist-grab-grounding

#aikido #quantumAikido #RobertNadeau #RichardMoon #CreateABeautifulWorld
",San Francisco Aikikai Students: Try Wrist Grab Grounding — Free 5-min,Try It Now,20 EXCLUSIVE PRACTICES,Wrist Grab Grounding,"Partner · 5 min · Adventures in Aiki-land (R. Moon, 2010)",20 exclusive practices by Richard Moon unavailable anywhere else,https://aikifield.com/games/exercises/?studio_id=san-francisco-aikikai&fb_page_id=167108583032&exercise=wrist-grab-grounding&ref=fb_page_post,https://aikifield.com/games/exercises/wrist-grab-grounding?studio_id=san-francisco-aikikai&ref=fb_page_post
San Francisco Aikikai,SF Bay,Aikido dojo,https://www.facebook.com/167108583032,san-francisco-aikikai,https://aikifield.com/games/exercises/?studio_id=san-francisco-aikikai&fb_page_id=167108583032&exercise=wrist-grab-grounding&ref=fb_page_post,"San Francisco Aikikai LLC provides instruction in the non-competitive martial art of Aikido, and is a member of the United States Aikido Federation under Yamada Shihan. Welcomes observers in-person and on Zoom.",B_Invisible_Partner,"No partner? No problem. ""We say invisible.""

WRIST GRAB GROUNDING — the simplest exercise from Quantum Aikido.

How: Extend your wrist. Imaginary partner holds and gently pushes, then pulls. Don't resist — relax and 'feel where you are'. You'll feel an effortless presence that's harder to move.

Aikido dojo at San Francisco Aikikai is about san francisco aikikai llc provides instruction in the non-competitive martial art of aikido, and is ... This practice adds the missing layer: creativity as a physical skill.

At first 50/50 you resist less and ground more. After a while resistance becomes hard to see from outside but you feel it inside. Eventually 60% ground.

Then:
Feel
into the center
of your central core
even by drops
in ever finer adjustments

— Richard Moon

Free in Moon app — 20 exclusive practices by Richard Moon 6th Dan, unavailable anywhere else.

→ Personalized for San Francisco Aikikai: https://aikifield.com/games/exercises/?studio_id=san-francisco-aikikai&fb_page_id=167108583032&ref=fb_page_post&exercise=wrist-grab-grounding

Practice creativity as a physical skill.
",Move Better. Create More. — 5-min Wrist Grab Practice,Download App,MOVE BETTER. CREATE MORE.,Wrist Grab Grounding,"Partner · 5 min · Adventures in Aiki-land (R. Moon, 2010)",20 exclusive practices by Richard Moon unavailable anywhere else,https://aikifield.com/games/exercises/?studio_id=san-francisco-aikikai&fb_page_id=167108583032&exercise=wrist-grab-grounding&ref=fb_page_post,https://aikifield.com/games/exercises/wrist-grab-grounding?studio_id=san-francisco-aikikai&ref=fb_page_post
San Francisco Aikikai,SF Bay,Aikido dojo,https://www.facebook.com/167108583032,san-francisco-aikikai,https://aikifield.com/games/exercises/?studio_id=san-francisco-aikikai&fb_page_id=167108583032&exercise=wrist-grab-grounding&ref=fb_page_post,"San Francisco Aikikai LLC provides instruction in the non-competitive martial art of Aikido, and is a member of the United States Aikido Federation under Yamada Shihan. Welcomes observers in-person and on Zoom.",C_DBso_KeepDoingIt,"Drop Back, Sink, Open. KeepDoingIt.

The most powerful practice is presented first — and Wrist Grab Grounding is where you feel it with a partner.

Partner grabs your extended wrist, gently pushes then pulls. Resisting push = easy to pull. Resisting pull = easy to push. Relaxing and 'feeling where you are' = effortless presence, harder to move.

SF Bay movers at San Francisco Aikikai — this was made for you. Solo or partner, real or invisible.

DBSO. 50% → 60% ground. KeepDoingIt.

From Quantum Aikido Book of Exercises — 20 exclusive practices unavailable anywhere else to improve physical performance + creativity. Student of Robert Nadeau since '71.

Free 5-min guided version → https://aikifield.com/games/exercises/?studio_id=san-francisco-aikikai&fb_page_id=167108583032&ref=fb_page_post&exercise=wrist-grab-grounding

#CreateABeautifulWorld #MoonSensei
",Practice Creativity — Wrist Grab Grounding for San Francisco Aikikai,Start Free Trial,PRACTICE CREATIVITY,Wrist Grab Grounding,"Partner · 5 min · Adventures in Aiki-land (R. Moon, 2010)",20 exclusive practices by Richard Moon unavailable anywhere else,https://aikifield.com/games/exercises/?studio_id=san-francisco-aikikai&fb_page_id=167108583032&exercise=wrist-grab-grounding&ref=fb_page_post,https://aikifield.com/games/exercises/wrist-grab-grounding?studio_id=san-francisco-aikikai&ref=fb_page_post
Bay Marin Aikido,SF Bay,Aikido dojo,https://www.facebook.com/bay-marin-aikido-285109498904,bay-marin-aikido,https://aikifield.com/games/exercises/?studio_id=bay-marin-aikido&fb_page_id=bay-marin-aikido-285109498904&exercise=wrist-grab-grounding&ref=fb_page_post,Small community dojo in San Rafael described as friendly and relaxed teaching style. Focus on inclusive Aikido for all ages in Marin.,A_Lead_Magnet_Demo,"At Bay Marin Aikido, you know the feeling of being centered vs. being pulled off-center.

Try this 5-min practice from Richard Moon 6th Dan (student of Robert Nadeau since '71):

WRIST GRAB GROUNDING
Partner · 5 min · Adventures in Aiki-land

A partner grabs your extended wrist and gently pushes, then pulls. Resisting the push lets them pull you easily, resisting the pull lets them push you; relaxing and 'feeling where you are' produces an effortless presence that is harder to move.

At first 50/50 - resist less, ground more. Eventually 50% → 60% ground. DBSO. KeepDoingIt.

You can do it with a real partner OR invisible partner (""we say invisible"").

This is Practice #6 from 20 exclusive practices unavailable anywhere else — daily 5-min guided practices to improve physical performance + creativity.

→ Try it free in the new Moon app (personalized for Bay Marin Aikido students):

Small community dojo in San Rafael described as friendly and relaxed teaching style. Focus on inclusive Aikido for all ages in Marin....

👉 https://aikifield.com/games/exercises/?studio_id=bay-marin-aikido&fb_page_id=bay-marin-aikido-285109498904&ref=fb_page_post&exercise=wrist-grab-grounding

#aikido #quantumAikido #RobertNadeau #RichardMoon #CreateABeautifulWorld
",Bay Marin Aikido Students: Try Wrist Grab Grounding — Free 5-min,Try It Now,20 EXCLUSIVE PRACTICES,Wrist Grab Grounding,"Partner · 5 min · Adventures in Aiki-land (R. Moon, 2010)",20 exclusive practices by Richard Moon unavailable anywhere else,https://aikifield.com/games/exercises/?studio_id=bay-marin-aikido&fb_page_id=bay-marin-aikido-285109498904&exercise=wrist-grab-grounding&ref=fb_page_post,https://aikifield.com/games/exercises/wrist-grab-grounding?studio_id=bay-marin-aikido&ref=fb_page_post
Bay Marin Aikido,SF Bay,Aikido dojo,https://www.facebook.com/bay-marin-aikido-285109498904,bay-marin-aikido,https://aikifield.com/games/exercises/?studio_id=bay-marin-aikido&fb_page_id=bay-marin-aikido-285109498904&exercise=wrist-grab-grounding&ref=fb_page_post,Small community dojo in San Rafael described as friendly and relaxed teaching style. Focus on inclusive Aikido for all ages in Marin.,B_Invisible_Partner,"No partner? No problem. ""We say invisible.""

WRIST GRAB GROUNDING — the simplest exercise from Quantum Aikido.

How: Extend your wrist. Imaginary partner holds and gently pushes, then pulls. Don't resist — relax and 'feel where you are'. You'll feel an effortless presence that's harder to move.

Aikido dojo at Bay Marin Aikido is about small community dojo in san rafael described as friendly and relaxed teaching style. focus on inclus... This practice adds the missing layer: creativity as a physical skill.

At first 50/50 you resist less and ground more. After a while resistance becomes hard to see from outside but you feel it inside. Eventually 60% ground.

Then:
Feel
into the center
of your central core
even by drops
in ever finer adjustments

— Richard Moon

Free in Moon app — 20 exclusive practices by Richard Moon 6th Dan, unavailable anywhere else.

→ Personalized for Bay Marin Aikido: https://aikifield.com/games/exercises/?studio_id=bay-marin-aikido&fb_page_id=bay-marin-aikido-285109498904&ref=fb_page_post&exercise=wrist-grab-grounding

Practice creativity as a physical skill.
",Move Better. Create More. — 5-min Wrist Grab Practice,Download App,MOVE BETTER. CREATE MORE.,Wrist Grab Grounding,"Partner · 5 min · Adventures in Aiki-land (R. Moon, 2010)",20 exclusive practices by Richard Moon unavailable anywhere else,https://aikifield.com/games/exercises/?studio_id=bay-marin-aikido&fb_page_id=bay-marin-aikido-285109498904&exercise=wrist-grab-grounding&ref=fb_page_post,https://aikifield.com/games/exercises/wrist-grab-grounding?studio_id=bay-marin-aikido&ref=fb_page_post
Bay Marin Aikido,SF Bay,Aikido dojo,https://www.facebook.com/bay-marin-aikido-285109498904,bay-marin-aikido,https://aikifield.com/games/exercises/?studio_id=bay-marin-aikido&fb_page_id=bay-marin-aikido-285109498904&exercise=wrist-grab-grounding&ref=fb_page_post,Small community dojo in San Rafael described as friendly and relaxed teaching style. Focus on inclusive Aikido for all ages in Marin.,C_DBso_KeepDoingIt,"Drop Back, Sink, Open. KeepDoingIt.

The most powerful practice is presented first — and Wrist Grab Grounding is where you feel it with a partner.

Partner grabs your extended wrist, gently pushes then pulls. Resisting push = easy to pull. Resisting pull = easy to push. Relaxing and 'feeling where you are' = effortless presence, harder to move.

SF Bay movers at Bay Marin Aikido — this was made for you. Solo or partner, real or invisible.

DBSO. 50% → 60% ground. KeepDoingIt.

From Quantum Aikido Book of Exercises — 20 exclusive practices unavailable anywhere else to improve physical performance + creativity. Student of Robert Nadeau since '71.

Free 5-min guided version → https://aikifield.com/games/exercises/?studio_id=bay-marin-aikido&fb_page_id=bay-marin-aikido-285109498904&ref=fb_page_post&exercise=wrist-grab-grounding

#CreateABeautifulWorld #MoonSensei
",Practice Creativity — Wrist Grab Grounding for Bay Marin Aikido,Start Free Trial,PRACTICE CREATIVITY,Wrist Grab Grounding,"Partner · 5 min · Adventures in Aiki-land (R. Moon, 2010)",20 exclusive practices by Richard Moon unavailable anywhere else,https://aikifield.com/games/exercises/?studio_id=bay-marin-aikido&fb_page_id=bay-marin-aikido-285109498904&exercise=wrist-grab-grounding&ref=fb_page_post,https://aikifield.com/games/exercises/wrist-grab-grounding?studio_id=bay-marin-aikido&ref=fb_page_post
Aikido of Berkeley / Free Aiki Dojo,East Bay,Aikido dojo,https://www.facebook.com/groups/GoldenBearsAikido/,aikido-of-berkeley---free-aiki-dojo,https://aikifield.com/games/exercises/?studio_id=aikido-of-berkeley---free-aiki-dojo&fb_page_id=&exercise=wrist-grab-grounding&ref=fb_page_post,1514 University Ave. Berkeley's progressive dojo hosting Free Aiki Dojo and Golden Bears Aikido. Emphasis on peace practices and community building founded by Kayla Feder Sensei 7th Dan who began in 1973.,A_Lead_Magnet_Demo,"At Aikido of Berkeley / Free Aiki Dojo, you know the feeling of being centered vs. being pulled off-center.

Try this 5-min practice from Richard Moon 6th Dan (student of Robert Nadeau since '71):

WRIST GRAB GROUNDING
Partner · 5 min · Adventures in Aiki-land

A partner grabs your extended wrist and gently pushes, then pulls. Resisting the push lets them pull you easily, resisting the pull lets them push you; relaxing and 'feeling where you are' produces an effortless presence that is harder to move.

At first 50/50 - resist less, ground more. Eventually 50% → 60% ground. DBSO. KeepDoingIt.

You can do it with a real partner OR invisible partner (""we say invisible"").

This is Practice #6 from 20 exclusive practices unavailable anywhere else — daily 5-min guided practices to improve physical performance + creativity.

→ Try it free in the new Moon app (personalized for Aikido of Berkeley / Free Aiki Dojo students):

1514 University Ave. Berkeley's progressive dojo hosting Free Aiki Dojo and Golden Bears Aikido. Emphasis on peace practices and community building fo...

👉 https://aikifield.com/games/exercises/?studio_id=aikido-of-berkeley---free-aiki-dojo&fb_page_id=&ref=fb_page_post&exercise=wrist-grab-grounding

#aikido #quantumAikido #RobertNadeau #RichardMoon #CreateABeautifulWorld
",Aikido of Berkeley / Free Aiki Dojo Students: Try Wrist Grab Grounding — Free 5-min,Try It Now,20 EXCLUSIVE PRACTICES,Wrist Grab Grounding,"Partner · 5 min · Adventures in Aiki-land (R. Moon, 2010)",20 exclusive practices by Richard Moon unavailable anywhere else,https://aikifield.com/games/exercises/?studio_id=aikido-of-berkeley---free-aiki-dojo&fb_page_id=&exercise=wrist-grab-grounding&ref=fb_page_post,https://aikifield.com/games/exercises/wrist-grab-grounding?studio_id=aikido-of-berkeley---free-aiki-dojo&ref=fb_page_post
Aikido of Berkeley / Free Aiki Dojo,East Bay,Aikido dojo,https://www.facebook.com/groups/GoldenBearsAikido/,aikido-of-berkeley---free-aiki-dojo,https://aikifield.com/games/exercises/?studio_id=aikido-of-berkeley---free-aiki-dojo&fb_page_id=&exercise=wrist-grab-grounding&ref=fb_page_post,1514 University Ave. Berkeley's progressive dojo hosting Free Aiki Dojo and Golden Bears Aikido. Emphasis on peace practices and community building founded by Kayla Feder Sensei 7th Dan who began in 1973.,B_Invisible_Partner,"No partner? No problem. ""We say invisible.""

WRIST GRAB GROUNDING — the simplest exercise from Quantum Aikido.

How: Extend your wrist. Imaginary partner holds and gently pushes, then pulls. Don't resist — relax and 'feel where you are'. You'll feel an effortless presence that's harder to move.

Aikido dojo at Aikido of Berkeley / Free Aiki Dojo is about 1514 university ave. berkeley's progressive dojo hosting free aiki dojo and golden bears aikido. emp... This practice adds the missing layer: creativity as a physical skill.

At first 50/50 you resist less and ground more. After a while resistance becomes hard to see from outside but you feel it inside. Eventually 60% ground.

Then:
Feel
into the center
of your central core
even by drops
in ever finer adjustments

— Richard Moon

Free in Moon app — 20 exclusive practices by Richard Moon 6th Dan, unavailable anywhere else.

→ Personalized for Aikido of Berkeley / Free Aiki Dojo: https://aikifield.com/games/exercises/?studio_id=aikido-of-berkeley---free-aiki-dojo&fb_page_id=&ref=fb_page_post&exercise=wrist-grab-grounding

Practice creativity as a physical skill.
",Move Better. Create More. — 5-min Wrist Grab Practice,Download App,MOVE BETTER. CREATE MORE.,Wrist Grab Grounding,"Partner · 5 min · Adventures in Aiki-land (R. Moon, 2010)",20 exclusive practices by Richard Moon unavailable anywhere else,https://aikifield.com/games/exercises/?studio_id=aikido-of-berkeley---free-aiki-dojo&fb_page_id=&exercise=wrist-grab-grounding&ref=fb_page_post,https://aikifield.com/games/exercises/wrist-grab-grounding?studio_id=aikido-of-berkeley---free-aiki-dojo&ref=fb_page_post
Aikido of Berkeley / Free Aiki Dojo,East Bay,Aikido dojo,https://www.facebook.com/groups/GoldenBearsAikido/,aikido-of-berkeley---free-aiki-dojo,https://aikifield.com/games/exercises/?studio_id=aikido-of-berkeley---free-aiki-dojo&fb_page_id=&exercise=wrist-grab-grounding&ref=fb_page_post,1514 University Ave. Berkeley's progressive dojo hosting Free Aiki Dojo and Golden Bears Aikido. Emphasis on peace practices and community building founded by Kayla Feder Sensei 7th Dan who began in 1973.,C_DBso_KeepDoingIt,"Drop Back, Sink, Open. KeepDoingIt.

The most powerful practice is presented first — and Wrist Grab Grounding is where you feel it with a partner.

Partner grabs your extended wrist, gently pushes then pulls. Resisting push = easy to pull. Resisting pull = easy to push. Relaxing and 'feeling where you are' = effortless presence, harder to move.

East Bay movers at Aikido of Berkeley / Free Aiki Dojo — this was made for you. Solo or partner, real or invisible.

DBSO. 50% → 60% ground. KeepDoingIt.

From Quantum Aikido Book of Exercises — 20 exclusive practices unavailable anywhere else to improve physical performance + creativity. Student of Robert Nadeau since '71.

Free 5-min guided version → https://aikifield.com/games/exercises/?studio_id=aikido-of-berkeley---free-aiki-dojo&fb_page_id=&ref=fb_page_post&exercise=wrist-grab-grounding

#CreateABeautifulWorld #MoonSensei
",Practice Creativity — Wrist Grab Grounding for Aikido of Berkeley / Free Aiki Dojo,Start Free Trial,PRACTICE CREATIVITY,Wrist Grab Grounding,"Partner · 5 min · Adventures in Aiki-land (R. Moon, 2010)",20 exclusive practices by Richard Moon unavailable anywhere else,https://aikifield.com/games/exercises/?studio_id=aikido-of-berkeley---free-aiki-dojo&fb_page_id=&exercise=wrist-grab-grounding&ref=fb_page_post,https://aikifield.com/games/exercises/wrist-grab-grounding?studio_id=aikido-of-berkeley---free-aiki-dojo&ref=fb_page_post
Aikido of Livermore Shinrei Dojo,SF Bay,Aikido dojo,https://www.facebook.com/AikidoOfLivermore,aikido-of-livermore-shinrei-dojo,https://aikifield.com/games/exercises/?studio_id=aikido-of-livermore-shinrei-dojo&fb_page_id=AikidoOfLivermore&exercise=wrist-grab-grounding&ref=fb_page_post,"Family-friendly inclusive community dojo in Livermore CA, welcoming all backgrounds with beginner intro program.",A_Lead_Magnet_Demo,"At Aikido of Livermore Shinrei Dojo, you know the feeling of being centered vs. being pulled off-center.

Try this 5-min practice from Richard Moon 6th Dan (student of Robert Nadeau since '71):

WRIST GRAB GROUNDING
Partner · 5 min · Adventures in Aiki-land

A partner grabs your extended wrist and gently pushes, then pulls. Resisting the push lets them pull you easily, resisting the pull lets them push you; relaxing and 'feeling where you are' produces an effortless presence that is harder to move.

At first 50/50 - resist less, ground more. Eventually 50% → 60% ground. DBSO. KeepDoingIt.

You can do it with a real partner OR invisible partner (""we say invisible"").

This is Practice #6 from 20 exclusive practices unavailable anywhere else — daily 5-min guided practices to improve physical performance + creativity.

→ Try it free in the new Moon app (personalized for Aikido of Livermore Shinrei Dojo students):

Family-friendly inclusive community dojo in Livermore CA, welcoming all backgrounds with beginner intro program....

👉 https://aikifield.com/games/exercises/?studio_id=aikido-of-livermore-shinrei-dojo&fb_page_id=AikidoOfLivermore&ref=fb_page_post&exercise=wrist-grab-grounding

#aikido #quantumAikido #RobertNadeau #RichardMoon #CreateABeautifulWorld
",Aikido of Livermore Shinrei Dojo Students: Try Wrist Grab Grounding — Free 5-min,Try It Now,20 EXCLUSIVE PRACTICES,Wrist Grab Grounding,"Partner · 5 min · Adventures in Aiki-land (R. Moon, 2010)",20 exclusive practices by Richard Moon unavailable anywhere else,https://aikifield.com/games/exercises/?studio_id=aikido-of-livermore-shinrei-dojo&fb_page_id=AikidoOfLivermore&exercise=wrist-grab-grounding&ref=fb_page_post,https://aikifield.com/games/exercises/wrist-grab-grounding?studio_id=aikido-of-livermore-shinrei-dojo&ref=fb_page_post
Aikido of Livermore Shinrei Dojo,SF Bay,Aikido dojo,https://www.facebook.com/AikidoOfLivermore,aikido-of-livermore-shinrei-dojo,https://aikifield.com/games/exercises/?studio_id=aikido-of-livermore-shinrei-dojo&fb_page_id=AikidoOfLivermore&exercise=wrist-grab-grounding&ref=fb_page_post,"Family-friendly inclusive community dojo in Livermore CA, welcoming all backgrounds with beginner intro program.",B_Invisible_Partner,"No partner? No problem. ""We say invisible.""

WRIST GRAB GROUNDING — the simplest exercise from Quantum Aikido.

How: Extend your wrist. Imaginary partner holds and gently pushes, then pulls. Don't resist — relax and 'feel where you are'. You'll feel an effortless presence that's harder to move.

Aikido dojo at Aikido of Livermore Shinrei Dojo is about family-friendly inclusive community dojo in livermore ca, welcoming all backgrounds with beginner in... This practice adds the missing layer: creativity as a physical skill.

At first 50/50 you resist less and ground more. After a while resistance becomes hard to see from outside but you feel it inside. Eventually 60% ground.

Then:
Feel
into the center
of your central core
even by drops
in ever finer adjustments

— Richard Moon

Free in Moon app — 20 exclusive practices by Richard Moon 6th Dan, unavailable anywhere else.

→ Personalized for Aikido of Livermore Shinrei Dojo: https://aikifield.com/games/exercises/?studio_id=aikido-of-livermore-shinrei-dojo&fb_page_id=AikidoOfLivermore&ref=fb_page_post&exercise=wrist-grab-grounding

Practice creativity as a physical skill.
",Move Better. Create More. — 5-min Wrist Grab Practice,Download App,MOVE BETTER. CREATE MORE.,Wrist Grab Grounding,"Partner · 5 min · Adventures in Aiki-land (R. Moon, 2010)",20 exclusive practices by Richard Moon unavailable anywhere else,https://aikifield.com/games/exercises/?studio_id=aikido-of-livermore-shinrei-dojo&fb_page_id=AikidoOfLivermore&exercise=wrist-grab-grounding&ref=fb_page_post,https://aikifield.com/games/exercises/wrist-grab-grounding?studio_id=aikido-of-livermore-shinrei-dojo&ref=fb_page_post
Aikido of Livermore Shinrei Dojo,SF Bay,Aikido dojo,https://www.facebook.com/AikidoOfLivermore,aikido-of-livermore-shinrei-dojo,https://aikifield.com/games/exercises/?studio_id=aikido-of-livermore-shinrei-dojo&fb_page_id=AikidoOfLivermore&exercise=wrist-grab-grounding&ref=fb_page_post,"Family-friendly inclusive community dojo in Livermore CA, welcoming all backgrounds with beginner intro program.",C_DBso_KeepDoingIt,"Drop Back, Sink, Open. KeepDoingIt.

The most powerful practice is presented first — and Wrist Grab Grounding is where you feel it with a partner.

Partner grabs your extended wrist, gently pushes then pulls. Resisting push = easy to pull. Resisting pull = easy to push. Relaxing and 'feeling where you are' = effortless presence, harder to move.

SF Bay movers at Aikido of Livermore Shinrei Dojo — this was made for you. Solo or partner, real or invisible.

DBSO. 50% → 60% ground. KeepDoingIt.

From Quantum Aikido Book of Exercises — 20 exclusive practices unavailable anywhere else to improve physical performance + creativity. Student of Robert Nadeau since '71.

Free 5-min guided version → https://aikifield.com/games/exercises/?studio_id=aikido-of-livermore-shinrei-dojo&fb_page_id=AikidoOfLivermore&ref=fb_page_post&exercise=wrist-grab-grounding

#CreateABeautifulWorld #MoonSensei
",Practice Creativity — Wrist Grab Grounding for Aikido of Livermore Shinrei Dojo,Start Free Trial,PRACTICE CREATIVITY,Wrist Grab Grounding,"Partner · 5 min · Adventures in Aiki-land (R. Moon, 2010)",20 exclusive practices by Richard Moon unavailable anywhere else,https://aikifield.com/games/exercises/?studio_id=aikido-of-livermore-shinrei-dojo&fb_page_id=AikidoOfLivermore&exercise=wrist-grab-grounding&ref=fb_page_post,https://aikifield.com/games/exercises/wrist-grab-grounding?studio_id=aikido-of-livermore-shinrei-dojo&ref=fb_page_post
The City Waves - 5Rhythms SF,SF Bay,Movement studio,https://www.facebook.com/702420766502178,the-city-waves---5rhythms-sf,https://aikifield.com/games/exercises/?studio_id=the-city-waves---5rhythms-sf&fb_page_id=702420766502178&exercise=wrist-grab-grounding&ref=fb_page_post,"Gabrielle Roth's 5Rhythms San Francisco - A dynamic dance & movement meditation. Weekly Sweat Your Prayers, Feminae Space Full Moon workshops. Focus on embodiment, emotional release, creative expression.",A_Lead_Magnet_Demo,"At The City Waves - 5Rhythms SF, you know the feeling of being centered vs. being pulled off-center.

Try this 5-min practice from Richard Moon 6th Dan (student of Robert Nadeau since '71):

WRIST GRAB GROUNDING
Partner · 5 min · Adventures in Aiki-land

A partner grabs your extended wrist and gently pushes, then pulls. Resisting the push lets them pull you easily, resisting the pull lets them push you; relaxing and 'feeling where you are' produces an effortless presence that is harder to move.

At first 50/50 - resist less, ground more. Eventually 50% → 60% ground. DBSO. KeepDoingIt.

You can do it with a real partner OR invisible partner (""we say invisible"").

This is Practice #6 from 20 exclusive practices unavailable anywhere else — daily 5-min guided practices to improve physical performance + creativity.

→ Try it free in the new Moon app (personalized for The City Waves - 5Rhythms SF students):

Gabrielle Roth's 5Rhythms San Francisco - A dynamic dance & movement meditation. Weekly Sweat Your Prayers, Feminae Space Full Moon workshops. Focus o...

👉 https://aikifield.com/games/exercises/?studio_id=the-city-waves---5rhythms-sf&fb_page_id=702420766502178&ref=fb_page_post&exercise=wrist-grab-grounding

#aikido #quantumAikido #RobertNadeau #RichardMoon #CreateABeautifulWorld
",The City Waves - 5Rhythms SF Students: Try Wrist Grab Grounding — Free 5-min,Try It Now,20 EXCLUSIVE PRACTICES,Wrist Grab Grounding,"Partner · 5 min · Adventures in Aiki-land (R. Moon, 2010)",20 exclusive practices by Richard Moon unavailable anywhere else,https://aikifield.com/games/exercises/?studio_id=the-city-waves---5rhythms-sf&fb_page_id=702420766502178&exercise=wrist-grab-grounding&ref=fb_page_post,https://aikifield.com/games/exercises/wrist-grab-grounding?studio_id=the-city-waves---5rhythms-sf&ref=fb_page_post
The City Waves - 5Rhythms SF,SF Bay,Movement studio,https://www.facebook.com/702420766502178,the-city-waves---5rhythms-sf,https://aikifield.com/games/exercises/?studio_id=the-city-waves---5rhythms-sf&fb_page_id=702420766502178&exercise=wrist-grab-grounding&ref=fb_page_post,"Gabrielle Roth's 5Rhythms San Francisco - A dynamic dance & movement meditation. Weekly Sweat Your Prayers, Feminae Space Full Moon workshops. Focus on embodiment, emotional release, creative expression.",B_Invisible_Partner,"No partner? No problem. ""We say invisible.""

WRIST GRAB GROUNDING — the simplest exercise from Quantum Aikido.

How: Extend your wrist. Imaginary partner holds and gently pushes, then pulls. Don't resist — relax and 'feel where you are'. You'll feel an effortless presence that's harder to move.

Movement studio at The City Waves - 5Rhythms SF is about gabrielle roth's 5rhythms san francisco - a dynamic dance & movement meditation. weekly sweat your p... This practice adds the missing layer: creativity as a physical skill.

At first 50/50 you resist less and ground more. After a while resistance becomes hard to see from outside but you feel it inside. Eventually 60% ground.

Then:
Feel
into the center
of your central core
even by drops
in ever finer adjustments

— Richard Moon

Free in Moon app — 20 exclusive practices by Richard Moon 6th Dan, unavailable anywhere else.

→ Personalized for The City Waves - 5Rhythms SF: https://aikifield.com/games/exercises/?studio_id=the-city-waves---5rhythms-sf&fb_page_id=702420766502178&ref=fb_page_post&exercise=wrist-grab-grounding

Practice creativity as a physical skill.
",Move Better. Create More. — 5-min Wrist Grab Practice,Download App,MOVE BETTER. CREATE MORE.,Wrist Grab Grounding,"Partner · 5 min · Adventures in Aiki-land (R. Moon, 2010)",20 exclusive practices by Richard Moon unavailable anywhere else,https://aikifield.com/games/exercises/?studio_id=the-city-waves---5rhythms-sf&fb_page_id=702420766502178&exercise=wrist-grab-grounding&ref=fb_page_post,https://aikifield.com/games/exercises/wrist-grab-grounding?studio_id=the-city-waves---5rhythms-sf&ref=fb_page_post
The City Waves - 5Rhythms SF,SF Bay,Movement studio,https://www.facebook.com/702420766502178,the-city-waves---5rhythms-sf,https://aikifield.com/games/exercises/?studio_id=the-city-waves---5rhythms-sf&fb_page_id=702420766502178&exercise=wrist-grab-grounding&ref=fb_page_post,"Gabrielle Roth's 5Rhythms San Francisco - A dynamic dance & movement meditation. Weekly Sweat Your Prayers, Feminae Space Full Moon workshops. Focus on embodiment, emotional release, creative expression.",C_DBso_KeepDoingIt,"Drop Back, Sink, Open. KeepDoingIt.

The most powerful practice is presented first — and Wrist Grab Grounding is where you feel it with a partner.

Partner grabs your extended wrist, gently pushes then pulls. Resisting push = easy to pull. Resisting pull = easy to push. Relaxing and 'feeling where you are' = effortless presence, harder to move.

SF Bay movers at The City Waves - 5Rhythms SF — this was made for you. Solo or partner, real or invisible.

DBSO. 50% → 60% ground. KeepDoingIt.

From Quantum Aikido Book of Exercises — 20 exclusive practices unavailable anywhere else to improve physical performance + creativity. Student of Robert Nadeau since '71.

Free 5-min guided version → https://aikifield.com/games/exercises/?studio_id=the-city-waves---5rhythms-sf&fb_page_id=702420766502178&ref=fb_page_post&exercise=wrist-grab-grounding

#CreateABeautifulWorld #MoonSensei
",Practice Creativity — Wrist Grab Grounding for The City Waves - 5Rhythms SF,Start Free Trial,PRACTICE CREATIVITY,Wrist Grab Grounding,"Partner · 5 min · Adventures in Aiki-land (R. Moon, 2010)",20 exclusive practices by Richard Moon unavailable anywhere else,https://aikifield.com/games/exercises/?studio_id=the-city-waves---5rhythms-sf&fb_page_id=702420766502178&exercise=wrist-grab-grounding&ref=fb_page_post,https://aikifield.com/games/exercises/wrist-grab-grounding?studio_id=the-city-waves---5rhythms-sf&ref=fb_page_post
Movement Lab Pilates Studio,SF Bay,Pilates studio,https://www.facebook.com/398123676932457,movement-lab-pilates-studio,https://aikifield.com/games/exercises/?studio_id=movement-lab-pilates-studio&fb_page_id=398123676932457&exercise=wrist-grab-grounding&ref=fb_page_post,"Pilates and GYROTONIC Fitness Studio at 707 Treat Ave. Boutique, body-aware studio.",A_Lead_Magnet_Demo,"At Movement Lab Pilates Studio, you know the feeling of being centered vs. being pulled off-center.

Try this 5-min practice from Richard Moon 6th Dan (student of Robert Nadeau since '71):

WRIST GRAB GROUNDING
Partner · 5 min · Adventures in Aiki-land

A partner grabs your extended wrist and gently pushes, then pulls. Resisting the push lets them pull you easily, resisting the pull lets them push you; relaxing and 'feeling where you are' produces an effortless presence that is harder to move.

At first 50/50 - resist less, ground more. Eventually 50% → 60% ground. DBSO. KeepDoingIt.

You can do it with a real partner OR invisible partner (""we say invisible"").

This is Practice #6 from 20 exclusive practices unavailable anywhere else — daily 5-min guided practices to improve physical performance + creativity.

→ Try it free in the new Moon app (personalized for Movement Lab Pilates Studio students):

Pilates and GYROTONIC Fitness Studio at 707 Treat Ave. Boutique, body-aware studio....

👉 https://aikifield.com/games/exercises/?studio_id=movement-lab-pilates-studio&fb_page_id=398123676932457&ref=fb_page_post&exercise=wrist-grab-grounding

#aikido #quantumAikido #RobertNadeau #RichardMoon #CreateABeautifulWorld
",Movement Lab Pilates Studio Students: Try Wrist Grab Grounding — Free 5-min,Try It Now,20 EXCLUSIVE PRACTICES,Wrist Grab Grounding,"Partner · 5 min · Adventures in Aiki-land (R. Moon, 2010)",20 exclusive practices by Richard Moon unavailable anywhere else,https://aikifield.com/games/exercises/?studio_id=movement-lab-pilates-studio&fb_page_id=398123676932457&exercise=wrist-grab-grounding&ref=fb_page_post,https://aikifield.com/games/exercises/wrist-grab-grounding?studio_id=movement-lab-pilates-studio&ref=fb_page_post
Movement Lab Pilates Studio,SF Bay,Pilates studio,https://www.facebook.com/398123676932457,movement-lab-pilates-studio,https://aikifield.com/games/exercises/?studio_id=movement-lab-pilates-studio&fb_page_id=398123676932457&exercise=wrist-grab-grounding&ref=fb_page_post,"Pilates and GYROTONIC Fitness Studio at 707 Treat Ave. Boutique, body-aware studio.",B_Invisible_Partner,"No partner? No problem. ""We say invisible.""

WRIST GRAB GROUNDING — the simplest exercise from Quantum Aikido.

How: Extend your wrist. Imaginary partner holds and gently pushes, then pulls. Don't resist — relax and 'feel where you are'. You'll feel an effortless presence that's harder to move.

Pilates studio at Movement Lab Pilates Studio is about pilates and gyrotonic fitness studio at 707 treat ave. boutique, body-aware studio.... This practice adds the missing layer: creativity as a physical skill.

At first 50/50 you resist less and ground more. After a while resistance becomes hard to see from outside but you feel it inside. Eventually 60% ground.

Then:
Feel
into the center
of your central core
even by drops
in ever finer adjustments

— Richard Moon

Free in Moon app — 20 exclusive practices by Richard Moon 6th Dan, unavailable anywhere else.

→ Personalized for Movement Lab Pilates Studio: https://aikifield.com/games/exercises/?studio_id=movement-lab-pilates-studio&fb_page_id=398123676932457&ref=fb_page_post&exercise=wrist-grab-grounding

Practice creativity as a physical skill.
",Move Better. Create More. — 5-min Wrist Grab Practice,Download App,MOVE BETTER. CREATE MORE.,Wrist Grab Grounding,"Partner · 5 min · Adventures in Aiki-land (R. Moon, 2010)",20 exclusive practices by Richard Moon unavailable anywhere else,https://aikifield.com/games/exercises/?studio_id=movement-lab-pilates-studio&fb_page_id=398123676932457&exercise=wrist-grab-grounding&ref=fb_page_post,https://aikifield.com/games/exercises/wrist-grab-grounding?studio_id=movement-lab-pilates-studio&ref=fb_page_post
Movement Lab Pilates Studio,SF Bay,Pilates studio,https://www.facebook.com/398123676932457,movement-lab-pilates-studio,https://aikifield.com/games/exercises/?studio_id=movement-lab-pilates-studio&fb_page_id=398123676932457&exercise=wrist-grab-grounding&ref=fb_page_post,"Pilates and GYROTONIC Fitness Studio at 707 Treat Ave. Boutique, body-aware studio.",C_DBso_KeepDoingIt,"Drop Back, Sink, Open. KeepDoingIt.

The most powerful practice is presented first — and Wrist Grab Grounding is where you feel it with a partner.

Partner grabs your extended wrist, gently pushes then pulls. Resisting push = easy to pull. Resisting pull = easy to push. Relaxing and 'feeling where you are' = effortless presence, harder to move.

SF Bay movers at Movement Lab Pilates Studio — this was made for you. Solo or partner, real or invisible.

DBSO. 50% → 60% ground. KeepDoingIt.

From Quantum Aikido Book of Exercises — 20 exclusive practices unavailable anywhere else to improve physical performance + creativity. Student of Robert Nadeau since '71.

Free 5-min guided version → https://aikifield.com/games/exercises/?studio_id=movement-lab-pilates-studio&fb_page_id=398123676932457&ref=fb_page_post&exercise=wrist-grab-grounding

#CreateABeautifulWorld #MoonSensei
",Practice Creativity — Wrist Grab Grounding for Movement Lab Pilates Studio,Start Free Trial,PRACTICE CREATIVITY,Wrist Grab Grounding,"Partner · 5 min · Adventures in Aiki-land (R. Moon, 2010)",20 exclusive practices by Richard Moon unavailable anywhere else,https://aikifield.com/games/exercises/?studio_id=movement-lab-pilates-studio&fb_page_id=398123676932457&exercise=wrist-grab-grounding&ref=fb_page_post,https://aikifield.com/games/exercises/wrist-grab-grounding?studio_id=movement-lab-pilates-studio&ref=fb_page_post
Movement For Everyone,SF Bay,Pilates studio,https://www.facebook.com/126799403848460,movement-for-everyone,https://aikifield.com/games/exercises/?studio_id=movement-for-everyone&fb_page_id=126799403848460&exercise=wrist-grab-grounding&ref=fb_page_post,"A body neutral movement studio in San Francisco using Pilates and GYROTONIC Method. Inclusive, supportive, focused on pain-free movement for all abilities.",A_Lead_Magnet_Demo,"At Movement For Everyone, you know the feeling of being centered vs. being pulled off-center.

Try this 5-min practice from Richard Moon 6th Dan (student of Robert Nadeau since '71):

WRIST GRAB GROUNDING
Partner · 5 min · Adventures in Aiki-land

A partner grabs your extended wrist and gently pushes, then pulls. Resisting the push lets them pull you easily, resisting the pull lets them push you; relaxing and 'feeling where you are' produces an effortless presence that is harder to move.

At first 50/50 - resist less, ground more. Eventually 50% → 60% ground. DBSO. KeepDoingIt.

You can do it with a real partner OR invisible partner (""we say invisible"").

This is Practice #6 from 20 exclusive practices unavailable anywhere else — daily 5-min guided practices to improve physical performance + creativity.

→ Try it free in the new Moon app (personalized for Movement For Everyone students):

A body neutral movement studio in San Francisco using Pilates and GYROTONIC Method. Inclusive, supportive, focused on pain-free movement for all abili...

👉 https://aikifield.com/games/exercises/?studio_id=movement-for-everyone&fb_page_id=126799403848460&ref=fb_page_post&exercise=wrist-grab-grounding

#aikido #quantumAikido #RobertNadeau #RichardMoon #CreateABeautifulWorld
",Movement For Everyone Students: Try Wrist Grab Grounding — Free 5-min,Try It Now,20 EXCLUSIVE PRACTICES,Wrist Grab Grounding,"Partner · 5 min · Adventures in Aiki-land (R. Moon, 2010)",20 exclusive practices by Richard Moon unavailable anywhere else,https://aikifield.com/games/exercises/?studio_id=movement-for-everyone&fb_page_id=126799403848460&exercise=wrist-grab-grounding&ref=fb_page_post,https://aikifield.com/games/exercises/wrist-grab-grounding?studio_id=movement-for-everyone&ref=fb_page_post
Movement For Everyone,SF Bay,Pilates studio,https://www.facebook.com/126799403848460,movement-for-everyone,https://aikifield.com/games/exercises/?studio_id=movement-for-everyone&fb_page_id=126799403848460&exercise=wrist-grab-grounding&ref=fb_page_post,"A body neutral movement studio in San Francisco using Pilates and GYROTONIC Method. Inclusive, supportive, focused on pain-free movement for all abilities.",B_Invisible_Partner,"No partner? No problem. ""We say invisible.""

WRIST GRAB GROUNDING — the simplest exercise from Quantum Aikido.

How: Extend your wrist. Imaginary partner holds and gently pushes, then pulls. Don't resist — relax and 'feel where you are'. You'll feel an effortless presence that's harder to move.

Pilates studio at Movement For Everyone is about a body neutral movement studio in san francisco using pilates and gyrotonic method. inclusive, suppo... This practice adds the missing layer: creativity as a physical skill.

At first 50/50 you resist less and ground more. After a while resistance becomes hard to see from outside but you feel it inside. Eventually 60% ground.

Then:
Feel
into the center
of your central core
even by drops
in ever finer adjustments

— Richard Moon

Free in Moon app — 20 exclusive practices by Richard Moon 6th Dan, unavailable anywhere else.

→ Personalized for Movement For Everyone: https://aikifield.com/games/exercises/?studio_id=movement-for-everyone&fb_page_id=126799403848460&ref=fb_page_post&exercise=wrist-grab-grounding

Practice creativity as a physical skill.
",Move Better. Create More. — 5-min Wrist Grab Practice,Download App,MOVE BETTER. CREATE MORE.,Wrist Grab Grounding,"Partner · 5 min · Adventures in Aiki-land (R. Moon, 2010)",20 exclusive practices by Richard Moon unavailable anywhere else,https://aikifield.com/games/exercises/?studio_id=movement-for-everyone&fb_page_id=126799403848460&exercise=wrist-grab-grounding&ref=fb_page_post,https://aikifield.com/games/exercises/wrist-grab-grounding?studio_id=movement-for-everyone&ref=fb_page_post
Movement For Everyone,SF Bay,Pilates studio,https://www.facebook.com/126799403848460,movement-for-everyone,https://aikifield.com/games/exercises/?studio_id=movement-for-everyone&fb_page_id=126799403848460&exercise=wrist-grab-grounding&ref=fb_page_post,"A body neutral movement studio in San Francisco using Pilates and GYROTONIC Method. Inclusive, supportive, focused on pain-free movement for all abilities.",C_DBso_KeepDoingIt,"Drop Back, Sink, Open. KeepDoingIt.

The most powerful practice is presented first — and Wrist Grab Grounding is where you feel it with a partner.

Partner grabs your extended wrist, gently pushes then pulls. Resisting push = easy to pull. Resisting pull = easy to push. Relaxing and 'feeling where you are' = effortless presence, harder to move.

SF Bay movers at Movement For Everyone — this was made for you. Solo or partner, real or invisible.

DBSO. 50% → 60% ground. KeepDoingIt.

From Quantum Aikido Book of Exercises — 20 exclusive practices unavailable anywhere else to improve physical performance + creativity. Student of Robert Nadeau since '71.

Free 5-min guided version → https://aikifield.com/games/exercises/?studio_id=movement-for-everyone&fb_page_id=126799403848460&ref=fb_page_post&exercise=wrist-grab-grounding

#CreateABeautifulWorld #MoonSensei
",Practice Creativity — Wrist Grab Grounding for Movement For Everyone,Start Free Trial,PRACTICE CREATIVITY,Wrist Grab Grounding,"Partner · 5 min · Adventures in Aiki-land (R. Moon, 2010)",20 exclusive practices by Richard Moon unavailable anywhere else,https://aikifield.com/games/exercises/?studio_id=movement-for-everyone&fb_page_id=126799403848460&exercise=wrist-grab-grounding&ref=fb_page_post,https://aikifield.com/games/exercises/wrist-grab-grounding?studio_id=movement-for-everyone&ref=fb_page_post
Embodied Movement Studio,SF Bay,Movement studio,https://www.facebook.com/EmbodiedMovementStudio,embodied-movement-studio,https://aikifield.com/games/exercises/?studio_id=embodied-movement-studio&fb_page_id=EmbodiedMovementStudio&exercise=wrist-grab-grounding&ref=fb_page_post,Fitness center focused on embodied movement practices in Dogpatch. Open-format community-driven.,A_Lead_Magnet_Demo,"At Embodied Movement Studio, you know the feeling of being centered vs. being pulled off-center.

Try this 5-min practice from Richard Moon 6th Dan (student of Robert Nadeau since '71):

WRIST GRAB GROUNDING
Partner · 5 min · Adventures in Aiki-land

A partner grabs your extended wrist and gently pushes, then pulls. Resisting the push lets them pull you easily, resisting the pull lets them push you; relaxing and 'feeling where you are' produces an effortless presence that is harder to move.

At first 50/50 - resist less, ground more. Eventually 50% → 60% ground. DBSO. KeepDoingIt.

You can do it with a real partner OR invisible partner (""we say invisible"").

This is Practice #6 from 20 exclusive practices unavailable anywhere else — daily 5-min guided practices to improve physical performance + creativity.

→ Try it free in the new Moon app (personalized for Embodied Movement Studio students):

Fitness center focused on embodied movement practices in Dogpatch. Open-format community-driven....

👉 https://aikifield.com/games/exercises/?studio_id=embodied-movement-studio&fb_page_id=EmbodiedMovementStudio&ref=fb_page_post&exercise=wrist-grab-grounding

#aikido #quantumAikido #RobertNadeau #RichardMoon #CreateABeautifulWorld
",Embodied Movement Studio Students: Try Wrist Grab Grounding — Free 5-min,Try It Now,20 EXCLUSIVE PRACTICES,Wrist Grab Grounding,"Partner · 5 min · Adventures in Aiki-land (R. Moon, 2010)",20 exclusive practices by Richard Moon unavailable anywhere else,https://aikifield.com/games/exercises/?studio_id=embodied-movement-studio&fb_page_id=EmbodiedMovementStudio&exercise=wrist-grab-grounding&ref=fb_page_post,https://aikifield.com/games/exercises/wrist-grab-grounding?studio_id=embodied-movement-studio&ref=fb_page_post
Embodied Movement Studio,SF Bay,Movement studio,https://www.facebook.com/EmbodiedMovementStudio,embodied-movement-studio,https://aikifield.com/games/exercises/?studio_id=embodied-movement-studio&fb_page_id=EmbodiedMovementStudio&exercise=wrist-grab-grounding&ref=fb_page_post,Fitness center focused on embodied movement practices in Dogpatch. Open-format community-driven.,B_Invisible_Partner,"No partner? No problem. ""We say invisible.""

WRIST GRAB GROUNDING — the simplest exercise from Quantum Aikido.

How: Extend your wrist. Imaginary partner holds and gently pushes, then pulls. Don't resist — relax and 'feel where you are'. You'll feel an effortless presence that's harder to move.

Movement studio at Embodied Movement Studio is about fitness center focused on embodied movement practices in dogpatch. open-format community-driven.... This practice adds the missing layer: creativity as a physical skill.

At first 50/50 you resist less and ground more. After a while resistance becomes hard to see from outside but you feel it inside. Eventually 60% ground.

Then:
Feel
into the center
of your central core
even by drops
in ever finer adjustments

— Richard Moon

Free in Moon app — 20 exclusive practices by Richard Moon 6th Dan, unavailable anywhere else.

→ Personalized for Embodied Movement Studio: https://aikifield.com/games/exercises/?studio_id=embodied-movement-studio&fb_page_id=EmbodiedMovementStudio&ref=fb_page_post&exercise=wrist-grab-grounding

Practice creativity as a physical skill.
",Move Better. Create More. — 5-min Wrist Grab Practice,Download App,MOVE BETTER. CREATE MORE.,Wrist Grab Grounding,"Partner · 5 min · Adventures in Aiki-land (R. Moon, 2010)",20 exclusive practices by Richard Moon unavailable anywhere else,https://aikifield.com/games/exercises/?studio_id=embodied-movement-studio&fb_page_id=EmbodiedMovementStudio&exercise=wrist-grab-grounding&ref=fb_page_post,https://aikifield.com/games/exercises/wrist-grab-grounding?studio_id=embodied-movement-studio&ref=fb_page_post
Embodied Movement Studio,SF Bay,Movement studio,https://www.facebook.com/EmbodiedMovementStudio,embodied-movement-studio,https://aikifield.com/games/exercises/?studio_id=embodied-movement-studio&fb_page_id=EmbodiedMovementStudio&exercise=wrist-grab-grounding&ref=fb_page_post,Fitness center focused on embodied movement practices in Dogpatch. Open-format community-driven.,C_DBso_KeepDoingIt,"Drop Back, Sink, Open. KeepDoingIt.

The most powerful practice is presented first — and Wrist Grab Grounding is where you feel it with a partner.

Partner grabs your extended wrist, gently pushes then pulls. Resisting push = easy to pull. Resisting pull = easy to push. Relaxing and 'feeling where you are' = effortless presence, harder to move.

SF Bay movers at Embodied Movement Studio — this was made for you. Solo or partner, real or invisible.

DBSO. 50% → 60% ground. KeepDoingIt.

From Quantum Aikido Book of Exercises — 20 exclusive practices unavailable anywhere else to improve physical performance + creativity. Student of Robert Nadeau since '71.

Free 5-min guided version → https://aikifield.com/games/exercises/?studio_id=embodied-movement-studio&fb_page_id=EmbodiedMovementStudio&ref=fb_page_post&exercise=wrist-grab-grounding

#CreateABeautifulWorld #MoonSensei
",Practice Creativity — Wrist Grab Grounding for Embodied Movement Studio,Start Free Trial,PRACTICE CREATIVITY,Wrist Grab Grounding,"Partner · 5 min · Adventures in Aiki-land (R. Moon, 2010)",20 exclusive practices by Richard Moon unavailable anywhere else,https://aikifield.com/games/exercises/?studio_id=embodied-movement-studio&fb_page_id=EmbodiedMovementStudio&exercise=wrist-grab-grounding&ref=fb_page_post,https://aikifield.com/games/exercises/wrist-grab-grounding?studio_id=embodied-movement-studio&ref=fb_page_post
Wellington Dance and Performing Arts Academy,Wellington NZ,Dance studio,https://www.facebook.com/WellingtonDanceandPerformingArtsAcademy/,wellington-dance-and-performing-arts-academy,https://aikifield.com/games/exercises/?studio_id=wellington-dance-and-performing-arts-academy&fb_page_id=&exercise=wrist-grab-grounding&ref=fb_page_post,"Wellington's community dance school based at 182 Thorndon Quay with studios in Thorndon, Khandallah & Seatoun. Offers classes for all ages from ballet to contemporary and performing arts.",A_Lead_Magnet_Demo,"At Wellington Dance and Performing Arts Academy, you know the feeling of being centered vs. being pulled off-center.

Try this 5-min practice from Richard Moon 6th Dan (student of Robert Nadeau since '71):

WRIST GRAB GROUNDING
Partner · 5 min · Adventures in Aiki-land

A partner grabs your extended wrist and gently pushes, then pulls. Resisting the push lets them pull you easily, resisting the pull lets them push you; relaxing and 'feeling where you are' produces an effortless presence that is harder to move.

At first 50/50 - resist less, ground more. Eventually 50% → 60% ground. DBSO. KeepDoingIt.

You can do it with a real partner OR invisible partner (""we say invisible"").

This is Practice #6 from 20 exclusive practices unavailable anywhere else — daily 5-min guided practices to improve physical performance + creativity.

→ Try it free in the new Moon app (personalized for Wellington Dance and Performing Arts Academy students):

Wellington's community dance school based at 182 Thorndon Quay with studios in Thorndon, Khandallah & Seatoun. Offers classes for all ages from ballet...

👉 https://aikifield.com/games/exercises/?studio_id=wellington-dance-and-performing-arts-academy&fb_page_id=&ref=fb_page_post&exercise=wrist-grab-grounding

#aikido #quantumAikido #RobertNadeau #RichardMoon #CreateABeautifulWorld
",Wellington Dance and Performing Arts Academy Students: Try Wrist Grab Grounding — Free 5-min,Try It Now,20 EXCLUSIVE PRACTICES,Wrist Grab Grounding,"Partner · 5 min · Adventures in Aiki-land (R. Moon, 2010)",20 exclusive practices by Richard Moon unavailable anywhere else,https://aikifield.com/games/exercises/?studio_id=wellington-dance-and-performing-arts-academy&fb_page_id=&exercise=wrist-grab-grounding&ref=fb_page_post,https://aikifield.com/games/exercises/wrist-grab-grounding?studio_id=wellington-dance-and-performing-arts-academy&ref=fb_page_post
Wellington Dance and Performing Arts Academy,Wellington NZ,Dance studio,https://www.facebook.com/WellingtonDanceandPerformingArtsAcademy/,wellington-dance-and-performing-arts-academy,https://aikifield.com/games/exercises/?studio_id=wellington-dance-and-performing-arts-academy&fb_page_id=&exercise=wrist-grab-grounding&ref=fb_page_post,"Wellington's community dance school based at 182 Thorndon Quay with studios in Thorndon, Khandallah & Seatoun. Offers classes for all ages from ballet to contemporary and performing arts.",B_Invisible_Partner,"No partner? No problem. ""We say invisible.""

WRIST GRAB GROUNDING — the simplest exercise from Quantum Aikido.

How: Extend your wrist. Imaginary partner holds and gently pushes, then pulls. Don't resist — relax and 'feel where you are'. You'll feel an effortless presence that's harder to move.

Dance studio at Wellington Dance and Performing Arts Academy is about wellington's community dance school based at 182 thorndon quay with studios in thorndon, khandallah ... This practice adds the missing layer: creativity as a physical skill.

At first 50/50 you resist less and ground more. After a while resistance becomes hard to see from outside but you feel it inside. Eventually 60% ground.

Then:
Feel
into the center
of your central core
even by drops
in ever finer adjustments

— Richard Moon

Free in Moon app — 20 exclusive practices by Richard Moon 6th Dan, unavailable anywhere else.

→ Personalized for Wellington Dance and Performing Arts Academy: https://aikifield.com/games/exercises/?studio_id=wellington-dance-and-performing-arts-academy&fb_page_id=&ref=fb_page_post&exercise=wrist-grab-grounding

Practice creativity as a physical skill.
",Move Better. Create More. — 5-min Wrist Grab Practice,Download App,MOVE BETTER. CREATE MORE.,Wrist Grab Grounding,"Partner · 5 min · Adventures in Aiki-land (R. Moon, 2010)",20 exclusive practices by Richard Moon unavailable anywhere else,https://aikifield.com/games/exercises/?studio_id=wellington-dance-and-performing-arts-academy&fb_page_id=&exercise=wrist-grab-grounding&ref=fb_page_post,https://aikifield.com/games/exercises/wrist-grab-grounding?studio_id=wellington-dance-and-performing-arts-academy&ref=fb_page_post
Wellington Dance and Performing Arts Academy,Wellington NZ,Dance studio,https://www.facebook.com/WellingtonDanceandPerformingArtsAcademy/,wellington-dance-and-performing-arts-academy,https://aikifield.com/games/exercises/?studio_id=wellington-dance-and-performing-arts-academy&fb_page_id=&exercise=wrist-grab-grounding&ref=fb_page_post,"Wellington's community dance school based at 182 Thorndon Quay with studios in Thorndon, Khandallah & Seatoun. Offers classes for all ages from ballet to contemporary and performing arts.",C_DBso_KeepDoingIt,"Drop Back, Sink, Open. KeepDoingIt.

The most powerful practice is presented first — and Wrist Grab Grounding is where you feel it with a partner.

Partner grabs your extended wrist, gently pushes then pulls. Resisting push = easy to pull. Resisting pull = easy to push. Relaxing and 'feeling where you are' = effortless presence, harder to move.

Wellington NZ movers at Wellington Dance and Performing Arts Academy — this was made for you. Solo or partner, real or invisible.

DBSO. 50% → 60% ground. KeepDoingIt.

From Quantum Aikido Book of Exercises — 20 exclusive practices unavailable anywhere else to improve physical performance + creativity. Student of Robert Nadeau since '71.

Free 5-min guided version → https://aikifield.com/games/exercises/?studio_id=wellington-dance-and-performing-arts-academy&fb_page_id=&ref=fb_page_post&exercise=wrist-grab-grounding

#CreateABeautifulWorld #MoonSensei
",Practice Creativity — Wrist Grab Grounding for Wellington Dance and Performing Arts Academy,Start Free Trial,PRACTICE CREATIVITY,Wrist Grab Grounding,"Partner · 5 min · Adventures in Aiki-land (R. Moon, 2010)",20 exclusive practices by Richard Moon unavailable anywhere else,https://aikifield.com/games/exercises/?studio_id=wellington-dance-and-performing-arts-academy&fb_page_id=&exercise=wrist-grab-grounding&ref=fb_page_post,https://aikifield.com/games/exercises/wrist-grab-grounding?studio_id=wellington-dance-and-performing-arts-academy&ref=fb_page_post
WIDance - Wellington Inclusive Dance,Wellington NZ,Dance school,https://www.facebook.com/WIDance.nz,widance---wellington-inclusive-dance,https://aikifield.com/games/exercises/?studio_id=widance---wellington-inclusive-dance&fb_page_id=WIDance.nz&exercise=wrist-grab-grounding&ref=fb_page_post,Wellington Inclusive Dance - Saturday inclusive classes open to all abilities. Took classes online during isolation to keep community moving.,A_Lead_Magnet_Demo,"At WIDance - Wellington Inclusive Dance, you know the feeling of being centered vs. being pulled off-center.

Try this 5-min practice from Richard Moon 6th Dan (student of Robert Nadeau since '71):

WRIST GRAB GROUNDING
Partner · 5 min · Adventures in Aiki-land

A partner grabs your extended wrist and gently pushes, then pulls. Resisting the push lets them pull you easily, resisting the pull lets them push you; relaxing and 'feeling where you are' produces an effortless presence that is harder to move.

At first 50/50 - resist less, ground more. Eventually 50% → 60% ground. DBSO. KeepDoingIt.

You can do it with a real partner OR invisible partner (""we say invisible"").

This is Practice #6 from 20 exclusive practices unavailable anywhere else — daily 5-min guided practices to improve physical performance + creativity.

→ Try it free in the new Moon app (personalized for WIDance - Wellington Inclusive Dance students):

Wellington Inclusive Dance - Saturday inclusive classes open to all abilities. Took classes online during isolation to keep community moving....

👉 https://aikifield.com/games/exercises/?studio_id=widance---wellington-inclusive-dance&fb_page_id=WIDance.nz&ref=fb_page_post&exercise=wrist-grab-grounding

#aikido #quantumAikido #RobertNadeau #RichardMoon #CreateABeautifulWorld
",WIDance - Wellington Inclusive Dance Students: Try Wrist Grab Grounding — Free 5-min,Try It Now,20 EXCLUSIVE PRACTICES,Wrist Grab Grounding,"Partner · 5 min · Adventures in Aiki-land (R. Moon, 2010)",20 exclusive practices by Richard Moon unavailable anywhere else,https://aikifield.com/games/exercises/?studio_id=widance---wellington-inclusive-dance&fb_page_id=WIDance.nz&exercise=wrist-grab-grounding&ref=fb_page_post,https://aikifield.com/games/exercises/wrist-grab-grounding?studio_id=widance---wellington-inclusive-dance&ref=fb_page_post
WIDance - Wellington Inclusive Dance,Wellington NZ,Dance school,https://www.facebook.com/WIDance.nz,widance---wellington-inclusive-dance,https://aikifield.com/games/exercises/?studio_id=widance---wellington-inclusive-dance&fb_page_id=WIDance.nz&exercise=wrist-grab-grounding&ref=fb_page_post,Wellington Inclusive Dance - Saturday inclusive classes open to all abilities. Took classes online during isolation to keep community moving.,B_Invisible_Partner,"No partner? No problem. ""We say invisible.""

WRIST GRAB GROUNDING — the simplest exercise from Quantum Aikido.

How: Extend your wrist. Imaginary partner holds and gently pushes, then pulls. Don't resist — relax and 'feel where you are'. You'll feel an effortless presence that's harder to move.

Dance school at WIDance - Wellington Inclusive Dance is about wellington inclusive dance - saturday inclusive classes open to all abilities. took classes online d... This practice adds the missing layer: creativity as a physical skill.

At first 50/50 you resist less and ground more. After a while resistance becomes hard to see from outside but you feel it inside. Eventually 60% ground.

Then:
Feel
into the center
of your central core
even by drops
in ever finer adjustments

— Richard Moon

Free in Moon app — 20 exclusive practices by Richard Moon 6th Dan, unavailable anywhere else.

→ Personalized for WIDance - Wellington Inclusive Dance: https://aikifield.com/games/exercises/?studio_id=widance---wellington-inclusive-dance&fb_page_id=WIDance.nz&ref=fb_page_post&exercise=wrist-grab-grounding

Practice creativity as a physical skill.
",Move Better. Create More. — 5-min Wrist Grab Practice,Download App,MOVE BETTER. CREATE MORE.,Wrist Grab Grounding,"Partner · 5 min · Adventures in Aiki-land (R. Moon, 2010)",20 exclusive practices by Richard Moon unavailable anywhere else,https://aikifield.com/games/exercises/?studio_id=widance---wellington-inclusive-dance&fb_page_id=WIDance.nz&exercise=wrist-grab-grounding&ref=fb_page_post,https://aikifield.com/games/exercises/wrist-grab-grounding?studio_id=widance---wellington-inclusive-dance&ref=fb_page_post
WIDance - Wellington Inclusive Dance,Wellington NZ,Dance school,https://www.facebook.com/WIDance.nz,widance---wellington-inclusive-dance,https://aikifield.com/games/exercises/?studio_id=widance---wellington-inclusive-dance&fb_page_id=WIDance.nz&exercise=wrist-grab-grounding&ref=fb_page_post,Wellington Inclusive Dance - Saturday inclusive classes open to all abilities. Took classes online during isolation to keep community moving.,C_DBso_KeepDoingIt,"Drop Back, Sink, Open. KeepDoingIt.

The most powerful practice is presented first — and Wrist Grab Grounding is where you feel it with a partner.

Partner grabs your extended wrist, gently pushes then pulls. Resisting push = easy to pull. Resisting pull = easy to push. Relaxing and 'feeling where you are' = effortless presence, harder to move.

Wellington NZ movers at WIDance - Wellington Inclusive Dance — this was made for you. Solo or partner, real or invisible.

DBSO. 50% → 60% ground. KeepDoingIt.

From Quantum Aikido Book of Exercises — 20 exclusive practices unavailable anywhere else to improve physical performance + creativity. Student of Robert Nadeau since '71.

Free 5-min guided version → https://aikifield.com/games/exercises/?studio_id=widance---wellington-inclusive-dance&fb_page_id=WIDance.nz&ref=fb_page_post&exercise=wrist-grab-grounding

#CreateABeautifulWorld #MoonSensei
",Practice Creativity — Wrist Grab Grounding for WIDance - Wellington Inclusive Dance,Start Free Trial,PRACTICE CREATIVITY,Wrist Grab Grounding,"Partner · 5 min · Adventures in Aiki-land (R. Moon, 2010)",20 exclusive practices by Richard Moon unavailable anywhere else,https://aikifield.com/games/exercises/?studio_id=widance---wellington-inclusive-dance&fb_page_id=WIDance.nz&exercise=wrist-grab-grounding&ref=fb_page_post,https://aikifield.com/games/exercises/wrist-grab-grounding?studio_id=widance---wellington-inclusive-dance&ref=fb_page_post
The Pilates Studio Wellington,Wellington NZ,Pilates studio,https://www.facebook.com/101634568896967,the-pilates-studio-wellington,https://aikifield.com/games/exercises/?studio_id=the-pilates-studio-wellington&fb_page_id=101634568896967&exercise=wrist-grab-grounding&ref=fb_page_post,Expansive fully equipped pilates studio conveniently located in central Wellington at 107 Customhouse Quay. Bringing together two of NZ's premiere studios under direction of Ellena Conland and Alison Townsend.,A_Lead_Magnet_Demo,"At The Pilates Studio Wellington, you know the feeling of being centered vs. being pulled off-center.

Try this 5-min practice from Richard Moon 6th Dan (student of Robert Nadeau since '71):

WRIST GRAB GROUNDING
Partner · 5 min · Adventures in Aiki-land

A partner grabs your extended wrist and gently pushes, then pulls. Resisting the push lets them pull you easily, resisting the pull lets them push you; relaxing and 'feeling where you are' produces an effortless presence that is harder to move.

At first 50/50 - resist less, ground more. Eventually 50% → 60% ground. DBSO. KeepDoingIt.

You can do it with a real partner OR invisible partner (""we say invisible"").

This is Practice #6 from 20 exclusive practices unavailable anywhere else — daily 5-min guided practices to improve physical performance + creativity.

→ Try it free in the new Moon app (personalized for The Pilates Studio Wellington students):

Expansive fully equipped pilates studio conveniently located in central Wellington at 107 Customhouse Quay. Bringing together two of NZ's premiere stu...

👉 https://aikifield.com/games/exercises/?studio_id=the-pilates-studio-wellington&fb_page_id=101634568896967&ref=fb_page_post&exercise=wrist-grab-grounding

#aikido #quantumAikido #RobertNadeau #RichardMoon #CreateABeautifulWorld
",The Pilates Studio Wellington Students: Try Wrist Grab Grounding — Free 5-min,Try It Now,20 EXCLUSIVE PRACTICES,Wrist Grab Grounding,"Partner · 5 min · Adventures in Aiki-land (R. Moon, 2010)",20 exclusive practices by Richard Moon unavailable anywhere else,https://aikifield.com/games/exercises/?studio_id=the-pilates-studio-wellington&fb_page_id=101634568896967&exercise=wrist-grab-grounding&ref=fb_page_post,https://aikifield.com/games/exercises/wrist-grab-grounding?studio_id=the-pilates-studio-wellington&ref=fb_page_post
The Pilates Studio Wellington,Wellington NZ,Pilates studio,https://www.facebook.com/101634568896967,the-pilates-studio-wellington,https://aikifield.com/games/exercises/?studio_id=the-pilates-studio-wellington&fb_page_id=101634568896967&exercise=wrist-grab-grounding&ref=fb_page_post,Expansive fully equipped pilates studio conveniently located in central Wellington at 107 Customhouse Quay. Bringing together two of NZ's premiere studios under direction of Ellena Conland and Alison Townsend.,B_Invisible_Partner,"No partner? No problem. ""We say invisible.""

WRIST GRAB GROUNDING — the simplest exercise from Quantum Aikido.

How: Extend your wrist. Imaginary partner holds and gently pushes, then pulls. Don't resist — relax and 'feel where you are'. You'll feel an effortless presence that's harder to move.

Pilates studio at The Pilates Studio Wellington is about expansive fully equipped pilates studio conveniently located in central wellington at 107 customhous... This practice adds the missing layer: creativity as a physical skill.

At first 50/50 you resist less and ground more. After a while resistance becomes hard to see from outside but you feel it inside. Eventually 60% ground.

Then:
Feel
into the center
of your central core
even by drops
in ever finer adjustments

— Richard Moon

Free in Moon app — 20 exclusive practices by Richard Moon 6th Dan, unavailable anywhere else.

→ Personalized for The Pilates Studio Wellington: https://aikifield.com/games/exercises/?studio_id=the-pilates-studio-wellington&fb_page_id=101634568896967&ref=fb_page_post&exercise=wrist-grab-grounding

Practice creativity as a physical skill.
",Move Better. Create More. — 5-min Wrist Grab Practice,Download App,MOVE BETTER. CREATE MORE.,Wrist Grab Grounding,"Partner · 5 min · Adventures in Aiki-land (R. Moon, 2010)",20 exclusive practices by Richard Moon unavailable anywhere else,https://aikifield.com/games/exercises/?studio_id=the-pilates-studio-wellington&fb_page_id=101634568896967&exercise=wrist-grab-grounding&ref=fb_page_post,https://aikifield.com/games/exercises/wrist-grab-grounding?studio_id=the-pilates-studio-wellington&ref=fb_page_post
The Pilates Studio Wellington,Wellington NZ,Pilates studio,https://www.facebook.com/101634568896967,the-pilates-studio-wellington,https://aikifield.com/games/exercises/?studio_id=the-pilates-studio-wellington&fb_page_id=101634568896967&exercise=wrist-grab-grounding&ref=fb_page_post,Expansive fully equipped pilates studio conveniently located in central Wellington at 107 Customhouse Quay. Bringing together two of NZ's premiere studios under direction of Ellena Conland and Alison Townsend.,C_DBso_KeepDoingIt,"Drop Back, Sink, Open. KeepDoingIt.

The most powerful practice is presented first — and Wrist Grab Grounding is where you feel it with a partner.

Partner grabs your extended wrist, gently pushes then pulls. Resisting push = easy to pull. Resisting pull = easy to push. Relaxing and 'feeling where you are' = effortless presence, harder to move.

Wellington NZ movers at The Pilates Studio Wellington — this was made for you. Solo or partner, real or invisible.

DBSO. 50% → 60% ground. KeepDoingIt.

From Quantum Aikido Book of Exercises — 20 exclusive practices unavailable anywhere else to improve physical performance + creativity. Student of Robert Nadeau since '71.

Free 5-min guided version → https://aikifield.com/games/exercises/?studio_id=the-pilates-studio-wellington&fb_page_id=101634568896967&ref=fb_page_post&exercise=wrist-grab-grounding

#CreateABeautifulWorld #MoonSensei
",Practice Creativity — Wrist Grab Grounding for The Pilates Studio Wellington,Start Free Trial,PRACTICE CREATIVITY,Wrist Grab Grounding,"Partner · 5 min · Adventures in Aiki-land (R. Moon, 2010)",20 exclusive practices by Richard Moon unavailable anywhere else,https://aikifield.com/games/exercises/?studio_id=the-pilates-studio-wellington&fb_page_id=101634568896967&exercise=wrist-grab-grounding&ref=fb_page_post,https://aikifield.com/games/exercises/wrist-grab-grounding?studio_id=the-pilates-studio-wellington&ref=fb_page_post
NowYoga / Yogallery,Wellington NZ,Yoga studio,https://www.facebook.com/111545891166066,nowyoga---yogallery,https://aikifield.com/games/exercises/?studio_id=nowyoga---yogallery&fb_page_id=111545891166066&exercise=wrist-grab-grounding&ref=fb_page_post,A fabulous & unique yoga studio in the heart of Wellington city blending yoga and art. Yogis practice surrounded by beautiful art created by Tim Christie. A funky space flooded with natural light and creative visual delights.,A_Lead_Magnet_Demo,"At NowYoga / Yogallery, you know the feeling of being centered vs. being pulled off-center.

Try this 5-min practice from Richard Moon 6th Dan (student of Robert Nadeau since '71):

WRIST GRAB GROUNDING
Partner · 5 min · Adventures in Aiki-land

A partner grabs your extended wrist and gently pushes, then pulls. Resisting the push lets them pull you easily, resisting the pull lets them push you; relaxing and 'feeling where you are' produces an effortless presence that is harder to move.

At first 50/50 - resist less, ground more. Eventually 50% → 60% ground. DBSO. KeepDoingIt.

You can do it with a real partner OR invisible partner (""we say invisible"").

This is Practice #6 from 20 exclusive practices unavailable anywhere else — daily 5-min guided practices to improve physical performance + creativity.

→ Try it free in the new Moon app (personalized for NowYoga / Yogallery students):

A fabulous & unique yoga studio in the heart of Wellington city blending yoga and art. Yogis practice surrounded by beautiful art created by Tim Chris...

👉 https://aikifield.com/games/exercises/?studio_id=nowyoga---yogallery&fb_page_id=111545891166066&ref=fb_page_post&exercise=wrist-grab-grounding

#aikido #quantumAikido #RobertNadeau #RichardMoon #CreateABeautifulWorld
",NowYoga / Yogallery Students: Try Wrist Grab Grounding — Free 5-min,Try It Now,20 EXCLUSIVE PRACTICES,Wrist Grab Grounding,"Partner · 5 min · Adventures in Aiki-land (R. Moon, 2010)",20 exclusive practices by Richard Moon unavailable anywhere else,https://aikifield.com/games/exercises/?studio_id=nowyoga---yogallery&fb_page_id=111545891166066&exercise=wrist-grab-grounding&ref=fb_page_post,https://aikifield.com/games/exercises/wrist-grab-grounding?studio_id=nowyoga---yogallery&ref=fb_page_post
NowYoga / Yogallery,Wellington NZ,Yoga studio,https://www.facebook.com/111545891166066,nowyoga---yogallery,https://aikifield.com/games/exercises/?studio_id=nowyoga---yogallery&fb_page_id=111545891166066&exercise=wrist-grab-grounding&ref=fb_page_post,A fabulous & unique yoga studio in the heart of Wellington city blending yoga and art. Yogis practice surrounded by beautiful art created by Tim Christie. A funky space flooded with natural light and creative visual delights.,B_Invisible_Partner,"No partner? No problem. ""We say invisible.""

WRIST GRAB GROUNDING — the simplest exercise from Quantum Aikido.

How: Extend your wrist. Imaginary partner holds and gently pushes, then pulls. Don't resist — relax and 'feel where you are'. You'll feel an effortless presence that's harder to move.

Yoga studio at NowYoga / Yogallery is about a fabulous & unique yoga studio in the heart of wellington city blending yoga and art. yogis practic... This practice adds the missing layer: creativity as a physical skill.

At first 50/50 you resist less and ground more. After a while resistance becomes hard to see from outside but you feel it inside. Eventually 60% ground.

Then:
Feel
into the center
of your central core
even by drops
in ever finer adjustments

— Richard Moon

Free in Moon app — 20 exclusive practices by Richard Moon 6th Dan, unavailable anywhere else.

→ Personalized for NowYoga / Yogallery: https://aikifield.com/games/exercises/?studio_id=nowyoga---yogallery&fb_page_id=111545891166066&ref=fb_page_post&exercise=wrist-grab-grounding

Practice creativity as a physical skill.
",Move Better. Create More. — 5-min Wrist Grab Practice,Download App,MOVE BETTER. CREATE MORE.,Wrist Grab Grounding,"Partner · 5 min · Adventures in Aiki-land (R. Moon, 2010)",20 exclusive practices by Richard Moon unavailable anywhere else,https://aikifield.com/games/exercises/?studio_id=nowyoga---yogallery&fb_page_id=111545891166066&exercise=wrist-grab-grounding&ref=fb_page_post,https://aikifield.com/games/exercises/wrist-grab-grounding?studio_id=nowyoga---yogallery&ref=fb_page_post
NowYoga / Yogallery,Wellington NZ,Yoga studio,https://www.facebook.com/111545891166066,nowyoga---yogallery,https://aikifield.com/games/exercises/?studio_id=nowyoga---yogallery&fb_page_id=111545891166066&exercise=wrist-grab-grounding&ref=fb_page_post,A fabulous & unique yoga studio in the heart of Wellington city blending yoga and art. Yogis practice surrounded by beautiful art created by Tim Christie. A funky space flooded with natural light and creative visual delights.,C_DBso_KeepDoingIt,"Drop Back, Sink, Open. KeepDoingIt.

The most powerful practice is presented first — and Wrist Grab Grounding is where you feel it with a partner.

Partner grabs your extended wrist, gently pushes then pulls. Resisting push = easy to pull. Resisting pull = easy to push. Relaxing and 'feeling where you are' = effortless presence, harder to move.

Wellington NZ movers at NowYoga / Yogallery — this was made for you. Solo or partner, real or invisible.

DBSO. 50% → 60% ground. KeepDoingIt.

From Quantum Aikido Book of Exercises — 20 exclusive practices unavailable anywhere else to improve physical performance + creativity. Student of Robert Nadeau since '71.

Free 5-min guided version → https://aikifield.com/games/exercises/?studio_id=nowyoga---yogallery&fb_page_id=111545891166066&ref=fb_page_post&exercise=wrist-grab-grounding

#CreateABeautifulWorld #MoonSensei
",Practice Creativity — Wrist Grab Grounding for NowYoga / Yogallery,Start Free Trial,PRACTICE CREATIVITY,Wrist Grab Grounding,"Partner · 5 min · Adventures in Aiki-land (R. Moon, 2010)",20 exclusive practices by Richard Moon unavailable anywhere else,https://aikifield.com/games/exercises/?studio_id=nowyoga---yogallery&fb_page_id=111545891166066&exercise=wrist-grab-grounding&ref=fb_page_post,https://aikifield.com/games/exercises/wrist-grab-grounding?studio_id=nowyoga---yogallery&ref=fb_page_post
Te Aro Astanga Yoga,Wellington NZ,Yoga studio,https://www.facebook.com/143285809551,te-aro-astanga-yoga,https://aikifield.com/games/exercises/?studio_id=te-aro-astanga-yoga&fb_page_id=143285809551&exercise=wrist-grab-grounding&ref=fb_page_post,Traditional Ashtanga Vinyasa Yoga in Central Wellington Left Bank Cuba St. Mysore-style disciplined practice community.,A_Lead_Magnet_Demo,"At Te Aro Astanga Yoga, you know the feeling of being centered vs. being pulled off-center.

Try this 5-min practice from Richard Moon 6th Dan (student of Robert Nadeau since '71):

WRIST GRAB GROUNDING
Partner · 5 min · Adventures in Aiki-land

A partner grabs your extended wrist and gently pushes, then pulls. Resisting the push lets them pull you easily, resisting the pull lets them push you; relaxing and 'feeling where you are' produces an effortless presence that is harder to move.

At first 50/50 - resist less, ground more. Eventually 50% → 60% ground. DBSO. KeepDoingIt.

You can do it with a real partner OR invisible partner (""we say invisible"").

This is Practice #6 from 20 exclusive practices unavailable anywhere else — daily 5-min guided practices to improve physical performance + creativity.

→ Try it free in the new Moon app (personalized for Te Aro Astanga Yoga students):

Traditional Ashtanga Vinyasa Yoga in Central Wellington Left Bank Cuba St. Mysore-style disciplined practice community....

👉 https://aikifield.com/games/exercises/?studio_id=te-aro-astanga-yoga&fb_page_id=143285809551&ref=fb_page_post&exercise=wrist-grab-grounding

#aikido #quantumAikido #RobertNadeau #RichardMoon #CreateABeautifulWorld
",Te Aro Astanga Yoga Students: Try Wrist Grab Grounding — Free 5-min,Try It Now,20 EXCLUSIVE PRACTICES,Wrist Grab Grounding,"Partner · 5 min · Adventures in Aiki-land (R. Moon, 2010)",20 exclusive practices by Richard Moon unavailable anywhere else,https://aikifield.com/games/exercises/?studio_id=te-aro-astanga-yoga&fb_page_id=143285809551&exercise=wrist-grab-grounding&ref=fb_page_post,https://aikifield.com/games/exercises/wrist-grab-grounding?studio_id=te-aro-astanga-yoga&ref=fb_page_post
Te Aro Astanga Yoga,Wellington NZ,Yoga studio,https://www.facebook.com/143285809551,te-aro-astanga-yoga,https://aikifield.com/games/exercises/?studio_id=te-aro-astanga-yoga&fb_page_id=143285809551&exercise=wrist-grab-grounding&ref=fb_page_post,Traditional Ashtanga Vinyasa Yoga in Central Wellington Left Bank Cuba St. Mysore-style disciplined practice community.,B_Invisible_Partner,"No partner? No problem. ""We say invisible.""

WRIST GRAB GROUNDING — the simplest exercise from Quantum Aikido.

How: Extend your wrist. Imaginary partner holds and gently pushes, then pulls. Don't resist — relax and 'feel where you are'. You'll feel an effortless presence that's harder to move.

Yoga studio at Te Aro Astanga Yoga is about traditional ashtanga vinyasa yoga in central wellington left bank cuba st. mysore-style disciplined ... This practice adds the missing layer: creativity as a physical skill.

At first 50/50 you resist less and ground more. After a while resistance becomes hard to see from outside but you feel it inside. Eventually 60% ground.

Then:
Feel
into the center
of your central core
even by drops
in ever finer adjustments

— Richard Moon

Free in Moon app — 20 exclusive practices by Richard Moon 6th Dan, unavailable anywhere else.

→ Personalized for Te Aro Astanga Yoga: https://aikifield.com/games/exercises/?studio_id=te-aro-astanga-yoga&fb_page_id=143285809551&ref=fb_page_post&exercise=wrist-grab-grounding

Practice creativity as a physical skill.
",Move Better. Create More. — 5-min Wrist Grab Practice,Download App,MOVE BETTER. CREATE MORE.,Wrist Grab Grounding,"Partner · 5 min · Adventures in Aiki-land (R. Moon, 2010)",20 exclusive practices by Richard Moon unavailable anywhere else,https://aikifield.com/games/exercises/?studio_id=te-aro-astanga-yoga&fb_page_id=143285809551&exercise=wrist-grab-grounding&ref=fb_page_post,https://aikifield.com/games/exercises/wrist-grab-grounding?studio_id=te-aro-astanga-yoga&ref=fb_page_post
Te Aro Astanga Yoga,Wellington NZ,Yoga studio,https://www.facebook.com/143285809551,te-aro-astanga-yoga,https://aikifield.com/games/exercises/?studio_id=te-aro-astanga-yoga&fb_page_id=143285809551&exercise=wrist-grab-grounding&ref=fb_page_post,Traditional Ashtanga Vinyasa Yoga in Central Wellington Left Bank Cuba St. Mysore-style disciplined practice community.,C_DBso_KeepDoingIt,"Drop Back, Sink, Open. KeepDoingIt.

The most powerful practice is presented first — and Wrist Grab Grounding is where you feel it with a partner.

Partner grabs your extended wrist, gently pushes then pulls. Resisting push = easy to pull. Resisting pull = easy to push. Relaxing and 'feeling where you are' = effortless presence, harder to move.

Wellington NZ movers at Te Aro Astanga Yoga — this was made for you. Solo or partner, real or invisible.

DBSO. 50% → 60% ground. KeepDoingIt.

From Quantum Aikido Book of Exercises — 20 exclusive practices unavailable anywhere else to improve physical performance + creativity. Student of Robert Nadeau since '71.

Free 5-min guided version → https://aikifield.com/games/exercises/?studio_id=te-aro-astanga-yoga&fb_page_id=143285809551&ref=fb_page_post&exercise=wrist-grab-grounding

#CreateABeautifulWorld #MoonSensei
",Practice Creativity — Wrist Grab Grounding for Te Aro Astanga Yoga,Start Free Trial,PRACTICE CREATIVITY,Wrist Grab Grounding,"Partner · 5 min · Adventures in Aiki-land (R. Moon, 2010)",20 exclusive practices by Richard Moon unavailable anywhere else,https://aikifield.com/games/exercises/?studio_id=te-aro-astanga-yoga&fb_page_id=143285809551&exercise=wrist-grab-grounding&ref=fb_page_post,https://aikifield.com/games/exercises/wrist-grab-grounding?studio_id=te-aro-astanga-yoga&ref=fb_page_post
Empire Aerial Arts,Wellington NZ,Aerial / Dance,https://www.facebook.com/359150848485052,empire-aerial-arts,https://aikifield.com/games/exercises/?studio_id=empire-aerial-arts&fb_page_id=359150848485052&exercise=wrist-grab-grounding&ref=fb_page_post,We run an open timetable without term-based courses so you can attend any of our classes any time you like! If you're a brand new beginner book into any Level 1 class on any day and we'll take care of you! Aerial silks hoop trapeze in Cuba St.,A_Lead_Magnet_Demo,"At Empire Aerial Arts, you know the feeling of being centered vs. being pulled off-center.

Try this 5-min practice from Richard Moon 6th Dan (student of Robert Nadeau since '71):

WRIST GRAB GROUNDING
Partner · 5 min · Adventures in Aiki-land

A partner grabs your extended wrist and gently pushes, then pulls. Resisting the push lets them pull you easily, resisting the pull lets them push you; relaxing and 'feeling where you are' produces an effortless presence that is harder to move.

At first 50/50 - resist less, ground more. Eventually 50% → 60% ground. DBSO. KeepDoingIt.

You can do it with a real partner OR invisible partner (""we say invisible"").

This is Practice #6 from 20 exclusive practices unavailable anywhere else — daily 5-min guided practices to improve physical performance + creativity.

→ Try it free in the new Moon app (personalized for Empire Aerial Arts students):

We run an open timetable without term-based courses so you can attend any of our classes any time you like! If you're a brand new beginner book into a...

👉 https://aikifield.com/games/exercises/?studio_id=empire-aerial-arts&fb_page_id=359150848485052&ref=fb_page_post&exercise=wrist-grab-grounding

#aikido #quantumAikido #RobertNadeau #RichardMoon #CreateABeautifulWorld
",Empire Aerial Arts Students: Try Wrist Grab Grounding — Free 5-min,Try It Now,20 EXCLUSIVE PRACTICES,Wrist Grab Grounding,"Partner · 5 min · Adventures in Aiki-land (R. Moon, 2010)",20 exclusive practices by Richard Moon unavailable anywhere else,https://aikifield.com/games/exercises/?studio_id=empire-aerial-arts&fb_page_id=359150848485052&exercise=wrist-grab-grounding&ref=fb_page_post,https://aikifield.com/games/exercises/wrist-grab-grounding?studio_id=empire-aerial-arts&ref=fb_page_post
Empire Aerial Arts,Wellington NZ,Aerial / Dance,https://www.facebook.com/359150848485052,empire-aerial-arts,https://aikifield.com/games/exercises/?studio_id=empire-aerial-arts&fb_page_id=359150848485052&exercise=wrist-grab-grounding&ref=fb_page_post,We run an open timetable without term-based courses so you can attend any of our classes any time you like! If you're a brand new beginner book into any Level 1 class on any day and we'll take care of you! Aerial silks hoop trapeze in Cuba St.,B_Invisible_Partner,"No partner? No problem. ""We say invisible.""

WRIST GRAB GROUNDING — the simplest exercise from Quantum Aikido.

How: Extend your wrist. Imaginary partner holds and gently pushes, then pulls. Don't resist — relax and 'feel where you are'. You'll feel an effortless presence that's harder to move.

Aerial / Dance at Empire Aerial Arts is about we run an open timetable without term-based courses so you can attend any of our classes any time yo... This practice adds the missing layer: creativity as a physical skill.

At first 50/50 you resist less and ground more. After a while resistance becomes hard to see from outside but you feel it inside. Eventually 60% ground.

Then:
Feel
into the center
of your central core
even by drops
in ever finer adjustments

— Richard Moon

Free in Moon app — 20 exclusive practices by Richard Moon 6th Dan, unavailable anywhere else.

→ Personalized for Empire Aerial Arts: https://aikifield.com/games/exercises/?studio_id=empire-aerial-arts&fb_page_id=359150848485052&ref=fb_page_post&exercise=wrist-grab-grounding

Practice creativity as a physical skill.
",Move Better. Create More. — 5-min Wrist Grab Practice,Download App,MOVE BETTER. CREATE MORE.,Wrist Grab Grounding,"Partner · 5 min · Adventures in Aiki-land (R. Moon, 2010)",20 exclusive practices by Richard Moon unavailable anywhere else,https://aikifield.com/games/exercises/?studio_id=empire-aerial-arts&fb_page_id=359150848485052&exercise=wrist-grab-grounding&ref=fb_page_post,https://aikifield.com/games/exercises/wrist-grab-grounding?studio_id=empire-aerial-arts&ref=fb_page_post
Empire Aerial Arts,Wellington NZ,Aerial / Dance,https://www.facebook.com/359150848485052,empire-aerial-arts,https://aikifield.com/games/exercises/?studio_id=empire-aerial-arts&fb_page_id=359150848485052&exercise=wrist-grab-grounding&ref=fb_page_post,We run an open timetable without term-based courses so you can attend any of our classes any time you like! If you're a brand new beginner book into any Level 1 class on any day and we'll take care of you! Aerial silks hoop trapeze in Cuba St.,C_DBso_KeepDoingIt,"Drop Back, Sink, Open. KeepDoingIt.

The most powerful practice is presented first — and Wrist Grab Grounding is where you feel it with a partner.

Partner grabs your extended wrist, gently pushes then pulls. Resisting push = easy to pull. Resisting pull = easy to push. Relaxing and 'feeling where you are' = effortless presence, harder to move.

Wellington NZ movers at Empire Aerial Arts — this was made for you. Solo or partner, real or invisible.

DBSO. 50% → 60% ground. KeepDoingIt.

From Quantum Aikido Book of Exercises — 20 exclusive practices unavailable anywhere else to improve physical performance + creativity. Student of Robert Nadeau since '71.

Free 5-min guided version → https://aikifield.com/games/exercises/?studio_id=empire-aerial-arts&fb_page_id=359150848485052&ref=fb_page_post&exercise=wrist-grab-grounding

#CreateABeautifulWorld #MoonSensei
",Practice Creativity — Wrist Grab Grounding for Empire Aerial Arts,Start Free Trial,PRACTICE CREATIVITY,Wrist Grab Grounding,"Partner · 5 min · Adventures in Aiki-land (R. Moon, 2010)",20 exclusive practices by Richard Moon unavailable anywhere else,https://aikifield.com/games/exercises/?studio_id=empire-aerial-arts&fb_page_id=359150848485052&exercise=wrist-grab-grounding&ref=fb_page_post,https://aikifield.com/games/exercises/wrist-grab-grounding?studio_id=empire-aerial-arts&ref=fb_page_post
Body Electric Pole Dance Studio,Wellington NZ,Pole Dance,https://www.facebook.com/956826174344610,body-electric-pole-dance-studio,https://aikifield.com/games/exercises/?studio_id=body-electric-pole-dance-studio&fb_page_id=956826174344610&exercise=wrist-grab-grounding&ref=fb_page_post,Body Electric Pole Dance Studio welcomes you to discover beautiful art of pole dancing. Age fitness level and size is no barrier. Absolute beginners through to elite levels. Centrally located Cuba Street Wellington.,A_Lead_Magnet_Demo,"At Body Electric Pole Dance Studio, you know the feeling of being centered vs. being pulled off-center.

Try this 5-min practice from Richard Moon 6th Dan (student of Robert Nadeau since '71):

WRIST GRAB GROUNDING
Partner · 5 min · Adventures in Aiki-land

A partner grabs your extended wrist and gently pushes, then pulls. Resisting the push lets them pull you easily, resisting the pull lets them push you; relaxing and 'feeling where you are' produces an effortless presence that is harder to move.

At first 50/50 - resist less, ground more. Eventually 50% → 60% ground. DBSO. KeepDoingIt.

You can do it with a real partner OR invisible partner (""we say invisible"").

This is Practice #6 from 20 exclusive practices unavailable anywhere else — daily 5-min guided practices to improve physical performance + creativity.

→ Try it free in the new Moon app (personalized for Body Electric Pole Dance Studio students):

Body Electric Pole Dance Studio welcomes you to discover beautiful art of pole dancing. Age fitness level and size is no barrier. Absolute beginners t...

👉 https://aikifield.com/games/exercises/?studio_id=body-electric-pole-dance-studio&fb_page_id=956826174344610&ref=fb_page_post&exercise=wrist-grab-grounding

#aikido #quantumAikido #RobertNadeau #RichardMoon #CreateABeautifulWorld
",Body Electric Pole Dance Studio Students: Try Wrist Grab Grounding — Free 5-min,Try It Now,20 EXCLUSIVE PRACTICES,Wrist Grab Grounding,"Partner · 5 min · Adventures in Aiki-land (R. Moon, 2010)",20 exclusive practices by Richard Moon unavailable anywhere else,https://aikifield.com/games/exercises/?studio_id=body-electric-pole-dance-studio&fb_page_id=956826174344610&exercise=wrist-grab-grounding&ref=fb_page_post,https://aikifield.com/games/exercises/wrist-grab-grounding?studio_id=body-electric-pole-dance-studio&ref=fb_page_post
Body Electric Pole Dance Studio,Wellington NZ,Pole Dance,https://www.facebook.com/956826174344610,body-electric-pole-dance-studio,https://aikifield.com/games/exercises/?studio_id=body-electric-pole-dance-studio&fb_page_id=956826174344610&exercise=wrist-grab-grounding&ref=fb_page_post,Body Electric Pole Dance Studio welcomes you to discover beautiful art of pole dancing. Age fitness level and size is no barrier. Absolute beginners through to elite levels. Centrally located Cuba Street Wellington.,B_Invisible_Partner,"No partner? No problem. ""We say invisible.""

WRIST GRAB GROUNDING — the simplest exercise from Quantum Aikido.

How: Extend your wrist. Imaginary partner holds and gently pushes, then pulls. Don't resist — relax and 'feel where you are'. You'll feel an effortless presence that's harder to move.

Pole Dance at Body Electric Pole Dance Studio is about body electric pole dance studio welcomes you to discover beautiful art of pole dancing. age fitness ... This practice adds the missing layer: creativity as a physical skill.

At first 50/50 you resist less and ground more. After a while resistance becomes hard to see from outside but you feel it inside. Eventually 60% ground.

Then:
Feel
into the center
of your central core
even by drops
in ever finer adjustments

— Richard Moon

Free in Moon app — 20 exclusive practices by Richard Moon 6th Dan, unavailable anywhere else.

→ Personalized for Body Electric Pole Dance Studio: https://aikifield.com/games/exercises/?studio_id=body-electric-pole-dance-studio&fb_page_id=956826174344610&ref=fb_page_post&exercise=wrist-grab-grounding

Practice creativity as a physical skill.
",Move Better. Create More. — 5-min Wrist Grab Practice,Download App,MOVE BETTER. CREATE MORE.,Wrist Grab Grounding,"Partner · 5 min · Adventures in Aiki-land (R. Moon, 2010)",20 exclusive practices by Richard Moon unavailable anywhere else,https://aikifield.com/games/exercises/?studio_id=body-electric-pole-dance-studio&fb_page_id=956826174344610&exercise=wrist-grab-grounding&ref=fb_page_post,https://aikifield.com/games/exercises/wrist-grab-grounding?studio_id=body-electric-pole-dance-studio&ref=fb_page_post
Body Electric Pole Dance Studio,Wellington NZ,Pole Dance,https://www.facebook.com/956826174344610,body-electric-pole-dance-studio,https://aikifield.com/games/exercises/?studio_id=body-electric-pole-dance-studio&fb_page_id=956826174344610&exercise=wrist-grab-grounding&ref=fb_page_post,Body Electric Pole Dance Studio welcomes you to discover beautiful art of pole dancing. Age fitness level and size is no barrier. Absolute beginners through to elite levels. Centrally located Cuba Street Wellington.,C_DBso_KeepDoingIt,"Drop Back, Sink, Open. KeepDoingIt.

The most powerful practice is presented first — and Wrist Grab Grounding is where you feel it with a partner.

Partner grabs your extended wrist, gently pushes then pulls. Resisting push = easy to pull. Resisting pull = easy to push. Relaxing and 'feeling where you are' = effortless presence, harder to move.

Wellington NZ movers at Body Electric Pole Dance Studio — this was made for you. Solo or partner, real or invisible.

DBSO. 50% → 60% ground. KeepDoingIt.

From Quantum Aikido Book of Exercises — 20 exclusive practices unavailable anywhere else to improve physical performance + creativity. Student of Robert Nadeau since '71.

Free 5-min guided version → https://aikifield.com/games/exercises/?studio_id=body-electric-pole-dance-studio&fb_page_id=956826174344610&ref=fb_page_post&exercise=wrist-grab-grounding

#CreateABeautifulWorld #MoonSensei
",Practice Creativity — Wrist Grab Grounding for Body Electric Pole Dance Studio,Start Free Trial,PRACTICE CREATIVITY,Wrist Grab Grounding,"Partner · 5 min · Adventures in Aiki-land (R. Moon, 2010)",20 exclusive practices by Richard Moon unavailable anywhere else,https://aikifield.com/games/exercises/?studio_id=body-electric-pole-dance-studio&fb_page_id=956826174344610&exercise=wrist-grab-grounding&ref=fb_page_post,https://aikifield.com/games/exercises/wrist-grab-grounding?studio_id=body-electric-pole-dance-studio&ref=fb_page_post
Tarrant Dance Studios,Wellington NZ,Dance studio,https://www.facebook.com/Tarrant-Dance-Studios-1704198439813841/,tarrant-dance-studios,https://aikifield.com/games/exercises/?studio_id=tarrant-dance-studios&fb_page_id=&exercise=wrist-grab-grounding&ref=fb_page_post,Level 3 125 Cuba St. Long-standing Wellington institution for ballroom Latin and social dance. Community-focused all levels.,A_Lead_Magnet_Demo,"At Tarrant Dance Studios, you know the feeling of being centered vs. being pulled off-center.

Try this 5-min practice from Richard Moon 6th Dan (student of Robert Nadeau since '71):

WRIST GRAB GROUNDING
Partner · 5 min · Adventures in Aiki-land

A partner grabs your extended wrist and gently pushes, then pulls. Resisting the push lets them pull you easily, resisting the pull lets them push you; relaxing and 'feeling where you are' produces an effortless presence that is harder to move.

At first 50/50 - resist less, ground more. Eventually 50% → 60% ground. DBSO. KeepDoingIt.

You can do it with a real partner OR invisible partner (""we say invisible"").

This is Practice #6 from 20 exclusive practices unavailable anywhere else — daily 5-min guided practices to improve physical performance + creativity.

→ Try it free in the new Moon app (personalized for Tarrant Dance Studios students):

Level 3 125 Cuba St. Long-standing Wellington institution for ballroom Latin and social dance. Community-focused all levels....

👉 https://aikifield.com/games/exercises/?studio_id=tarrant-dance-studios&fb_page_id=&ref=fb_page_post&exercise=wrist-grab-grounding

#aikido #quantumAikido #RobertNadeau #RichardMoon #CreateABeautifulWorld
",Tarrant Dance Studios Students: Try Wrist Grab Grounding — Free 5-min,Try It Now,20 EXCLUSIVE PRACTICES,Wrist Grab Grounding,"Partner · 5 min · Adventures in Aiki-land (R. Moon, 2010)",20 exclusive practices by Richard Moon unavailable anywhere else,https://aikifield.com/games/exercises/?studio_id=tarrant-dance-studios&fb_page_id=&exercise=wrist-grab-grounding&ref=fb_page_post,https://aikifield.com/games/exercises/wrist-grab-grounding?studio_id=tarrant-dance-studios&ref=fb_page_post
Tarrant Dance Studios,Wellington NZ,Dance studio,https://www.facebook.com/Tarrant-Dance-Studios-1704198439813841/,tarrant-dance-studios,https://aikifield.com/games/exercises/?studio_id=tarrant-dance-studios&fb_page_id=&exercise=wrist-grab-grounding&ref=fb_page_post,Level 3 125 Cuba St. Long-standing Wellington institution for ballroom Latin and social dance. Community-focused all levels.,B_Invisible_Partner,"No partner? No problem. ""We say invisible.""

WRIST GRAB GROUNDING — the simplest exercise from Quantum Aikido.

How: Extend your wrist. Imaginary partner holds and gently pushes, then pulls. Don't resist — relax and 'feel where you are'. You'll feel an effortless presence that's harder to move.

Dance studio at Tarrant Dance Studios is about level 3 125 cuba st. long-standing wellington institution for ballroom latin and social dance. commu... This practice adds the missing layer: creativity as a physical skill.

At first 50/50 you resist less and ground more. After a while resistance becomes hard to see from outside but you feel it inside. Eventually 60% ground.

Then:
Feel
into the center
of your central core
even by drops
in ever finer adjustments

— Richard Moon

Free in Moon app — 20 exclusive practices by Richard Moon 6th Dan, unavailable anywhere else.

→ Personalized for Tarrant Dance Studios: https://aikifield.com/games/exercises/?studio_id=tarrant-dance-studios&fb_page_id=&ref=fb_page_post&exercise=wrist-grab-grounding

Practice creativity as a physical skill.
",Move Better. Create More. — 5-min Wrist Grab Practice,Download App,MOVE BETTER. CREATE MORE.,Wrist Grab Grounding,"Partner · 5 min · Adventures in Aiki-land (R. Moon, 2010)",20 exclusive practices by Richard Moon unavailable anywhere else,https://aikifield.com/games/exercises/?studio_id=tarrant-dance-studios&fb_page_id=&exercise=wrist-grab-grounding&ref=fb_page_post,https://aikifield.com/games/exercises/wrist-grab-grounding?studio_id=tarrant-dance-studios&ref=fb_page_post
Tarrant Dance Studios,Wellington NZ,Dance studio,https://www.facebook.com/Tarrant-Dance-Studios-1704198439813841/,tarrant-dance-studios,https://aikifield.com/games/exercises/?studio_id=tarrant-dance-studios&fb_page_id=&exercise=wrist-grab-grounding&ref=fb_page_post,Level 3 125 Cuba St. Long-standing Wellington institution for ballroom Latin and social dance. Community-focused all levels.,C_DBso_KeepDoingIt,"Drop Back, Sink, Open. KeepDoingIt.

The most powerful practice is presented first — and Wrist Grab Grounding is where you feel it with a partner.

Partner grabs your extended wrist, gently pushes then pulls. Resisting push = easy to pull. Resisting pull = easy to push. Relaxing and 'feeling where you are' = effortless presence, harder to move.

Wellington NZ movers at Tarrant Dance Studios — this was made for you. Solo or partner, real or invisible.

DBSO. 50% → 60% ground. KeepDoingIt.

From Quantum Aikido Book of Exercises — 20 exclusive practices unavailable anywhere else to improve physical performance + creativity. Student of Robert Nadeau since '71.

Free 5-min guided version → https://aikifield.com/games/exercises/?studio_id=tarrant-dance-studios&fb_page_id=&ref=fb_page_post&exercise=wrist-grab-grounding

#CreateABeautifulWorld #MoonSensei
",Practice Creativity — Wrist Grab Grounding for Tarrant Dance Studios,Start Free Trial,PRACTICE CREATIVITY,Wrist Grab Grounding,"Partner · 5 min · Adventures in Aiki-land (R. Moon, 2010)",20 exclusive practices by Richard Moon unavailable anywhere else,https://aikifield.com/games/exercises/?studio_id=tarrant-dance-studios&fb_page_id=&exercise=wrist-grab-grounding&ref=fb_page_post,https://aikifield.com/games/exercises/wrist-grab-grounding?studio_id=tarrant-dance-studios&ref=fb_page_post
WeZouk Wellington,Wellington NZ,Dance studio,https://www.facebook.com/2178563675500428,wezouk-wellington,https://aikifield.com/games/exercises/?studio_id=wezouk-wellington&fb_page_id=2178563675500428&exercise=wrist-grab-grounding&ref=fb_page_post,The community for Brazilian Zouk in Wellington. Information about dance classes socials practicas private lessons festival trips and more. Focus on connection and flow.,A_Lead_Magnet_Demo,"At WeZouk Wellington, you know the feeling of being centered vs. being pulled off-center.

Try this 5-min practice from Richard Moon 6th Dan (student of Robert Nadeau since '71):

WRIST GRAB GROUNDING
Partner · 5 min · Adventures in Aiki-land

A partner grabs your extended wrist and gently pushes, then pulls. Resisting the push lets them pull you easily, resisting the pull lets them push you; relaxing and 'feeling where you are' produces an effortless presence that is harder to move.

At first 50/50 - resist less, ground more. Eventually 50% → 60% ground. DBSO. KeepDoingIt.

You can do it with a real partner OR invisible partner (""we say invisible"").

This is Practice #6 from 20 exclusive practices unavailable anywhere else — daily 5-min guided practices to improve physical performance + creativity.

→ Try it free in the new Moon app (personalized for WeZouk Wellington students):

The community for Brazilian Zouk in Wellington. Information about dance classes socials practicas private lessons festival trips and more. Focus on co...

👉 https://aikifield.com/games/exercises/?studio_id=wezouk-wellington&fb_page_id=2178563675500428&ref=fb_page_post&exercise=wrist-grab-grounding

#aikido #quantumAikido #RobertNadeau #RichardMoon #CreateABeautifulWorld
",WeZouk Wellington Students: Try Wrist Grab Grounding — Free 5-min,Try It Now,20 EXCLUSIVE PRACTICES,Wrist Grab Grounding,"Partner · 5 min · Adventures in Aiki-land (R. Moon, 2010)",20 exclusive practices by Richard Moon unavailable anywhere else,https://aikifield.com/games/exercises/?studio_id=wezouk-wellington&fb_page_id=2178563675500428&exercise=wrist-grab-grounding&ref=fb_page_post,https://aikifield.com/games/exercises/wrist-grab-grounding?studio_id=wezouk-wellington&ref=fb_page_post
WeZouk Wellington,Wellington NZ,Dance studio,https://www.facebook.com/2178563675500428,wezouk-wellington,https://aikifield.com/games/exercises/?studio_id=wezouk-wellington&fb_page_id=2178563675500428&exercise=wrist-grab-grounding&ref=fb_page_post,The community for Brazilian Zouk in Wellington. Information about dance classes socials practicas private lessons festival trips and more. Focus on connection and flow.,B_Invisible_Partner,"No partner? No problem. ""We say invisible.""

WRIST GRAB GROUNDING — the simplest exercise from Quantum Aikido.

How: Extend your wrist. Imaginary partner holds and gently pushes, then pulls. Don't resist — relax and 'feel where you are'. You'll feel an effortless presence that's harder to move.

Dance studio at WeZouk Wellington is about the community for brazilian zouk in wellington. information about dance classes socials practicas pr... This practice adds the missing layer: creativity as a physical skill.

At first 50/50 you resist less and ground more. After a while resistance becomes hard to see from outside but you feel it inside. Eventually 60% ground.

Then:
Feel
into the center
of your central core
even by drops
in ever finer adjustments

— Richard Moon

Free in Moon app — 20 exclusive practices by Richard Moon 6th Dan, unavailable anywhere else.

→ Personalized for WeZouk Wellington: https://aikifield.com/games/exercises/?studio_id=wezouk-wellington&fb_page_id=2178563675500428&ref=fb_page_post&exercise=wrist-grab-grounding

Practice creativity as a physical skill.
",Move Better. Create More. — 5-min Wrist Grab Practice,Download App,MOVE BETTER. CREATE MORE.,Wrist Grab Grounding,"Partner · 5 min · Adventures in Aiki-land (R. Moon, 2010)",20 exclusive practices by Richard Moon unavailable anywhere else,https://aikifield.com/games/exercises/?studio_id=wezouk-wellington&fb_page_id=2178563675500428&exercise=wrist-grab-grounding&ref=fb_page_post,https://aikifield.com/games/exercises/wrist-grab-grounding?studio_id=wezouk-wellington&ref=fb_page_post
WeZouk Wellington,Wellington NZ,Dance studio,https://www.facebook.com/2178563675500428,wezouk-wellington,https://aikifield.com/games/exercises/?studio_id=wezouk-wellington&fb_page_id=2178563675500428&exercise=wrist-grab-grounding&ref=fb_page_post,The community for Brazilian Zouk in Wellington. Information about dance classes socials practicas private lessons festival trips and more. Focus on connection and flow.,C_DBso_KeepDoingIt,"Drop Back, Sink, Open. KeepDoingIt.

The most powerful practice is presented first — and Wrist Grab Grounding is where you feel it with a partner.

Partner grabs your extended wrist, gently pushes then pulls. Resisting push = easy to pull. Resisting pull = easy to push. Relaxing and 'feeling where you are' = effortless presence, harder to move.

Wellington NZ movers at WeZouk Wellington — this was made for you. Solo or partner, real or invisible.

DBSO. 50% → 60% ground. KeepDoingIt.

From Quantum Aikido Book of Exercises — 20 exclusive practices unavailable anywhere else to improve physical performance + creativity. Student of Robert Nadeau since '71.

Free 5-min guided version → https://aikifield.com/games/exercises/?studio_id=wezouk-wellington&fb_page_id=2178563675500428&ref=fb_page_post&exercise=wrist-grab-grounding

#CreateABeautifulWorld #MoonSensei
",Practice Creativity — Wrist Grab Grounding for WeZouk Wellington,Start Free Trial,PRACTICE CREATIVITY,Wrist Grab Grounding,"Partner · 5 min · Adventures in Aiki-land (R. Moon, 2010)",20 exclusive practices by Richard Moon unavailable anywhere else,https://aikifield.com/games/exercises/?studio_id=wezouk-wellington&fb_page_id=2178563675500428&exercise=wrist-grab-grounding&ref=fb_page_post,https://aikifield.com/games/exercises/wrist-grab-grounding?studio_id=wezouk-wellington&ref=fb_page_post
LiKeMovement LKM Dance Studio + FEET with Heat,Wellington NZ,Dance studio,https://www.facebook.com/1208339873295278,likemovement-lkm-dance-studio-+-feet-with-heat,https://aikifield.com/games/exercises/?studio_id=likemovement-lkm-dance-studio-+-feet-with-heat&fb_page_id=1208339873295278&exercise=wrist-grab-grounding&ref=fb_page_post,110 Hutt Rd hubs for social dance — LKM offers American-style ballroom and Latin tuition; FEET with Heat specializes in swing ballroom and Latin welcoming absolute beginners to competitive levels.,A_Lead_Magnet_Demo,"At LiKeMovement LKM Dance Studio + FEET with Heat, you know the feeling of being centered vs. being pulled off-center.

Try this 5-min practice from Richard Moon 6th Dan (student of Robert Nadeau since '71):

WRIST GRAB GROUNDING
Partner · 5 min · Adventures in Aiki-land

A partner grabs your extended wrist and gently pushes, then pulls. Resisting the push lets them pull you easily, resisting the pull lets them push you; relaxing and 'feeling where you are' produces an effortless presence that is harder to move.

At first 50/50 - resist less, ground more. Eventually 50% → 60% ground. DBSO. KeepDoingIt.

You can do it with a real partner OR invisible partner (""we say invisible"").

This is Practice #6 from 20 exclusive practices unavailable anywhere else — daily 5-min guided practices to improve physical performance + creativity.

→ Try it free in the new Moon app (personalized for LiKeMovement LKM Dance Studio + FEET with Heat students):

110 Hutt Rd hubs for social dance — LKM offers American-style ballroom and Latin tuition; FEET with Heat specializes in swing ballroom and Latin welco...

👉 https://aikifield.com/games/exercises/?studio_id=likemovement-lkm-dance-studio-+-feet-with-heat&fb_page_id=1208339873295278&ref=fb_page_post&exercise=wrist-grab-grounding

#aikido #quantumAikido #RobertNadeau #RichardMoon #CreateABeautifulWorld
",LiKeMovement LKM Dance Studio + FEET with Heat Students: Try Wrist Grab Grounding — Free 5-min,Try It Now,20 EXCLUSIVE PRACTICES,Wrist Grab Grounding,"Partner · 5 min · Adventures in Aiki-land (R. Moon, 2010)",20 exclusive practices by Richard Moon unavailable anywhere else,https://aikifield.com/games/exercises/?studio_id=likemovement-lkm-dance-studio-+-feet-with-heat&fb_page_id=1208339873295278&exercise=wrist-grab-grounding&ref=fb_page_post,https://aikifield.com/games/exercises/wrist-grab-grounding?studio_id=likemovement-lkm-dance-studio-+-feet-with-heat&ref=fb_page_post
LiKeMovement LKM Dance Studio + FEET with Heat,Wellington NZ,Dance studio,https://www.facebook.com/1208339873295278,likemovement-lkm-dance-studio-+-feet-with-heat,https://aikifield.com/games/exercises/?studio_id=likemovement-lkm-dance-studio-+-feet-with-heat&fb_page_id=1208339873295278&exercise=wrist-grab-grounding&ref=fb_page_post,110 Hutt Rd hubs for social dance — LKM offers American-style ballroom and Latin tuition; FEET with Heat specializes in swing ballroom and Latin welcoming absolute beginners to competitive levels.,B_Invisible_Partner,"No partner? No problem. ""We say invisible.""

WRIST GRAB GROUNDING — the simplest exercise from Quantum Aikido.

How: Extend your wrist. Imaginary partner holds and gently pushes, then pulls. Don't resist — relax and 'feel where you are'. You'll feel an effortless presence that's harder to move.

Dance studio at LiKeMovement LKM Dance Studio + FEET with Heat is about 110 hutt rd hubs for social dance — lkm offers american-style ballroom and latin tuition; feet with ... This practice adds the missing layer: creativity as a physical skill.

At first 50/50 you resist less and ground more. After a while resistance becomes hard to see from outside but you feel it inside. Eventually 60% ground.

Then:
Feel
into the center
of your central core
even by drops
in ever finer adjustments

— Richard Moon

Free in Moon app — 20 exclusive practices by Richard Moon 6th Dan, unavailable anywhere else.

→ Personalized for LiKeMovement LKM Dance Studio + FEET with Heat: https://aikifield.com/games/exercises/?studio_id=likemovement-lkm-dance-studio-+-feet-with-heat&fb_page_id=1208339873295278&ref=fb_page_post&exercise=wrist-grab-grounding

Practice creativity as a physical skill.
",Move Better. Create More. — 5-min Wrist Grab Practice,Download App,MOVE BETTER. CREATE MORE.,Wrist Grab Grounding,"Partner · 5 min · Adventures in Aiki-land (R. Moon, 2010)",20 exclusive practices by Richard Moon unavailable anywhere else,https://aikifield.com/games/exercises/?studio_id=likemovement-lkm-dance-studio-+-feet-with-heat&fb_page_id=1208339873295278&exercise=wrist-grab-grounding&ref=fb_page_post,https://aikifield.com/games/exercises/wrist-grab-grounding?studio_id=likemovement-lkm-dance-studio-+-feet-with-heat&ref=fb_page_post
LiKeMovement LKM Dance Studio + FEET with Heat,Wellington NZ,Dance studio,https://www.facebook.com/1208339873295278,likemovement-lkm-dance-studio-+-feet-with-heat,https://aikifield.com/games/exercises/?studio_id=likemovement-lkm-dance-studio-+-feet-with-heat&fb_page_id=1208339873295278&exercise=wrist-grab-grounding&ref=fb_page_post,110 Hutt Rd hubs for social dance — LKM offers American-style ballroom and Latin tuition; FEET with Heat specializes in swing ballroom and Latin welcoming absolute beginners to competitive levels.,C_DBso_KeepDoingIt,"Drop Back, Sink, Open. KeepDoingIt.

The most powerful practice is presented first — and Wrist Grab Grounding is where you feel it with a partner.

Partner grabs your extended wrist, gently pushes then pulls. Resisting push = easy to pull. Resisting pull = easy to push. Relaxing and 'feeling where you are' = effortless presence, harder to move.

Wellington NZ movers at LiKeMovement LKM Dance Studio + FEET with Heat — this was made for you. Solo or partner, real or invisible.

DBSO. 50% → 60% ground. KeepDoingIt.

From Quantum Aikido Book of Exercises — 20 exclusive practices unavailable anywhere else to improve physical performance + creativity. Student of Robert Nadeau since '71.

Free 5-min guided version → https://aikifield.com/games/exercises/?studio_id=likemovement-lkm-dance-studio-+-feet-with-heat&fb_page_id=1208339873295278&ref=fb_page_post&exercise=wrist-grab-grounding

#CreateABeautifulWorld #MoonSensei
",Practice Creativity — Wrist Grab Grounding for LiKeMovement LKM Dance Studio + FEET with Heat,Start Free Trial,PRACTICE CREATIVITY,Wrist Grab Grounding,"Partner · 5 min · Adventures in Aiki-land (R. Moon, 2010)",20 exclusive practices by Richard Moon unavailable anywhere else,https://aikifield.com/games/exercises/?studio_id=likemovement-lkm-dance-studio-+-feet-with-heat&fb_page_id=1208339873295278&exercise=wrist-grab-grounding&ref=fb_page_post,https://aikifield.com/games/exercises/wrist-grab-grounding?studio_id=likemovement-lkm-dance-studio-+-feet-with-heat&ref=fb_page_post
Aikido Institute,East Bay,Aikido dojo,https://www.facebook.com/347310582046467,aikido-institute,https://aikifield.com/games/exercises/?studio_id=aikido-institute&fb_page_id=347310582046467&exercise=wrist-grab-grounding&ref=fb_page_post,"A California non-profit located in Emeryville, our dojo is a member of the Takemusu Aikido Association, affiliated with Aikido World Headquarters in Tokyo, Japan. Visitors welcome! 5-star 4.8 based on 32 reviews.",A_Lead_Magnet_Demo,"At Aikido Institute, you know the feeling of being centered vs. being pulled off-center.

Try this 5-min practice from Richard Moon 6th Dan (student of Robert Nadeau since '71):

WRIST GRAB GROUNDING
Partner · 5 min · Adventures in Aiki-land

A partner grabs your extended wrist and gently pushes, then pulls. Resisting the push lets them pull you easily, resisting the pull lets them push you; relaxing and 'feeling where you are' produces an effortless presence that is harder to move.

At first 50/50 - resist less, ground more. Eventually 50% → 60% ground. DBSO. KeepDoingIt.

You can do it with a real partner OR invisible partner (""we say invisible"").

This is Practice #6 from 20 exclusive practices unavailable anywhere else — daily 5-min guided practices to improve physical performance + creativity.

→ Try it free in the new Moon app (personalized for Aikido Institute students):

A California non-profit located in Emeryville, our dojo is a member of the Takemusu Aikido Association, affiliated with Aikido World Headquarters in T...

👉 https://aikifield.com/games/exercises/?studio_id=aikido-institute&fb_page_id=347310582046467&ref=fb_page_post&exercise=wrist-grab-grounding

#aikido #quantumAikido #RobertNadeau #RichardMoon #CreateABeautifulWorld
",Aikido Institute Students: Try Wrist Grab Grounding — Free 5-min,Try It Now,20 EXCLUSIVE PRACTICES,Wrist Grab Grounding,"Partner · 5 min · Adventures in Aiki-land (R. Moon, 2010)",20 exclusive practices by Richard Moon unavailable anywhere else,https://aikifield.com/games/exercises/?studio_id=aikido-institute&fb_page_id=347310582046467&exercise=wrist-grab-grounding&ref=fb_page_post,https://aikifield.com/games/exercises/wrist-grab-grounding?studio_id=aikido-institute&ref=fb_page_post
Aikido Institute,East Bay,Aikido dojo,https://www.facebook.com/347310582046467,aikido-institute,https://aikifield.com/games/exercises/?studio_id=aikido-institute&fb_page_id=347310582046467&exercise=wrist-grab-grounding&ref=fb_page_post,"A California non-profit located in Emeryville, our dojo is a member of the Takemusu Aikido Association, affiliated with Aikido World Headquarters in Tokyo, Japan. Visitors welcome! 5-star 4.8 based on 32 reviews.",B_Invisible_Partner,"No partner? No problem. ""We say invisible.""

WRIST GRAB GROUNDING — the simplest exercise from Quantum Aikido.

How: Extend your wrist. Imaginary partner holds and gently pushes, then pulls. Don't resist — relax and 'feel where you are'. You'll feel an effortless presence that's harder to move.

Aikido dojo at Aikido Institute is about a california non-profit located in emeryville, our dojo is a member of the takemusu aikido associati... This practice adds the missing layer: creativity as a physical skill.

At first 50/50 you resist less and ground more. After a while resistance becomes hard to see from outside but you feel it inside. Eventually 60% ground.

Then:
Feel
into the center
of your central core
even by drops
in ever finer adjustments

— Richard Moon

Free in Moon app — 20 exclusive practices by Richard Moon 6th Dan, unavailable anywhere else.

→ Personalized for Aikido Institute: https://aikifield.com/games/exercises/?studio_id=aikido-institute&fb_page_id=347310582046467&ref=fb_page_post&exercise=wrist-grab-grounding

Practice creativity as a physical skill.
",Move Better. Create More. — 5-min Wrist Grab Practice,Download App,MOVE BETTER. CREATE MORE.,Wrist Grab Grounding,"Partner · 5 min · Adventures in Aiki-land (R. Moon, 2010)",20 exclusive practices by Richard Moon unavailable anywhere else,https://aikifield.com/games/exercises/?studio_id=aikido-institute&fb_page_id=347310582046467&exercise=wrist-grab-grounding&ref=fb_page_post,https://aikifield.com/games/exercises/wrist-grab-grounding?studio_id=aikido-institute&ref=fb_page_post
Aikido Institute,East Bay,Aikido dojo,https://www.facebook.com/347310582046467,aikido-institute,https://aikifield.com/games/exercises/?studio_id=aikido-institute&fb_page_id=347310582046467&exercise=wrist-grab-grounding&ref=fb_page_post,"A California non-profit located in Emeryville, our dojo is a member of the Takemusu Aikido Association, affiliated with Aikido World Headquarters in Tokyo, Japan. Visitors welcome! 5-star 4.8 based on 32 reviews.",C_DBso_KeepDoingIt,"Drop Back, Sink, Open. KeepDoingIt.

The most powerful practice is presented first — and Wrist Grab Grounding is where you feel it with a partner.

Partner grabs your extended wrist, gently pushes then pulls. Resisting push = easy to pull. Resisting pull = easy to push. Relaxing and 'feeling where you are' = effortless presence, harder to move.

East Bay movers at Aikido Institute — this was made for you. Solo or partner, real or invisible.

DBSO. 50% → 60% ground. KeepDoingIt.

From Quantum Aikido Book of Exercises — 20 exclusive practices unavailable anywhere else to improve physical performance + creativity. Student of Robert Nadeau since '71.

Free 5-min guided version → https://aikifield.com/games/exercises/?studio_id=aikido-institute&fb_page_id=347310582046467&ref=fb_page_post&exercise=wrist-grab-grounding

#CreateABeautifulWorld #MoonSensei
",Practice Creativity — Wrist Grab Grounding for Aikido Institute,Start Free Trial,PRACTICE CREATIVITY,Wrist Grab Grounding,"Partner · 5 min · Adventures in Aiki-land (R. Moon, 2010)",20 exclusive practices by Richard Moon unavailable anywhere else,https://aikifield.com/games/exercises/?studio_id=aikido-institute&fb_page_id=347310582046467&exercise=wrist-grab-grounding&ref=fb_page_post,https://aikifield.com/games/exercises/wrist-grab-grounding?studio_id=aikido-institute&ref=fb_page_post
Aikido Of Montclair Village Shindo Dojo,East Bay,Aikido dojo,https://www.facebook.com/491410727715697,aikido-of-montclair-village-shindo-dojo,https://aikifield.com/games/exercises/?studio_id=aikido-of-montclair-village-shindo-dojo&fb_page_id=491410727715697&exercise=wrist-grab-grounding&ref=fb_page_post,"Shindo Dojo is dedicated to transmitting the essential teachings of the founder of Aikido Morihei Ueshiba as taught by his longest standing student Morihiro Saito Shihan. Interior space under construction, weapons outdoors weather permitting.",A_Lead_Magnet_Demo,"At Aikido Of Montclair Village Shindo Dojo, you know the feeling of being centered vs. being pulled off-center.

Try this 5-min practice from Richard Moon 6th Dan (student of Robert Nadeau since '71):

WRIST GRAB GROUNDING
Partner · 5 min · Adventures in Aiki-land

A partner grabs your extended wrist and gently pushes, then pulls. Resisting the push lets them pull you easily, resisting the pull lets them push you; relaxing and 'feeling where you are' produces an effortless presence that is harder to move.

At first 50/50 - resist less, ground more. Eventually 50% → 60% ground. DBSO. KeepDoingIt.

You can do it with a real partner OR invisible partner (""we say invisible"").

This is Practice #6 from 20 exclusive practices unavailable anywhere else — daily 5-min guided practices to improve physical performance + creativity.

→ Try it free in the new Moon app (personalized for Aikido Of Montclair Village Shindo Dojo students):

Shindo Dojo is dedicated to transmitting the essential teachings of the founder of Aikido Morihei Ueshiba as taught by his longest standing student Mo...

👉 https://aikifield.com/games/exercises/?studio_id=aikido-of-montclair-village-shindo-dojo&fb_page_id=491410727715697&ref=fb_page_post&exercise=wrist-grab-grounding

#aikido #quantumAikido #RobertNadeau #RichardMoon #CreateABeautifulWorld
",Aikido Of Montclair Village Shindo Dojo Students: Try Wrist Grab Grounding — Free 5-min,Try It Now,20 EXCLUSIVE PRACTICES,Wrist Grab Grounding,"Partner · 5 min · Adventures in Aiki-land (R. Moon, 2010)",20 exclusive practices by Richard Moon unavailable anywhere else,https://aikifield.com/games/exercises/?studio_id=aikido-of-montclair-village-shindo-dojo&fb_page_id=491410727715697&exercise=wrist-grab-grounding&ref=fb_page_post,https://aikifield.com/games/exercises/wrist-grab-grounding?studio_id=aikido-of-montclair-village-shindo-dojo&ref=fb_page_post
Aikido Of Montclair Village Shindo Dojo,East Bay,Aikido dojo,https://www.facebook.com/491410727715697,aikido-of-montclair-village-shindo-dojo,https://aikifield.com/games/exercises/?studio_id=aikido-of-montclair-village-shindo-dojo&fb_page_id=491410727715697&exercise=wrist-grab-grounding&ref=fb_page_post,"Shindo Dojo is dedicated to transmitting the essential teachings of the founder of Aikido Morihei Ueshiba as taught by his longest standing student Morihiro Saito Shihan. Interior space under construction, weapons outdoors weather permitting.",B_Invisible_Partner,"No partner? No problem. ""We say invisible.""

WRIST GRAB GROUNDING — the simplest exercise from Quantum Aikido.

How: Extend your wrist. Imaginary partner holds and gently pushes, then pulls. Don't resist — relax and 'feel where you are'. You'll feel an effortless presence that's harder to move.

Aikido dojo at Aikido Of Montclair Village Shindo Dojo is about shindo dojo is dedicated to transmitting the essential teachings of the founder of aikido morihei ue... This practice adds the missing layer: creativity as a physical skill.

At first 50/50 you resist less and ground more. After a while resistance becomes hard to see from outside but you feel it inside. Eventually 60% ground.

Then:
Feel
into the center
of your central core
even by drops
in ever finer adjustments

— Richard Moon

Free in Moon app — 20 exclusive practices by Richard Moon 6th Dan, unavailable anywhere else.

→ Personalized for Aikido Of Montclair Village Shindo Dojo: https://aikifield.com/games/exercises/?studio_id=aikido-of-montclair-village-shindo-dojo&fb_page_id=491410727715697&ref=fb_page_post&exercise=wrist-grab-grounding

Practice creativity as a physical skill.
",Move Better. Create More. — 5-min Wrist Grab Practice,Download App,MOVE BETTER. CREATE MORE.,Wrist Grab Grounding,"Partner · 5 min · Adventures in Aiki-land (R. Moon, 2010)",20 exclusive practices by Richard Moon unavailable anywhere else,https://aikifield.com/games/exercises/?studio_id=aikido-of-montclair-village-shindo-dojo&fb_page_id=491410727715697&exercise=wrist-grab-grounding&ref=fb_page_post,https://aikifield.com/games/exercises/wrist-grab-grounding?studio_id=aikido-of-montclair-village-shindo-dojo&ref=fb_page_post
Aikido Of Montclair Village Shindo Dojo,East Bay,Aikido dojo,https://www.facebook.com/491410727715697,aikido-of-montclair-village-shindo-dojo,https://aikifield.com/games/exercises/?studio_id=aikido-of-montclair-village-shindo-dojo&fb_page_id=491410727715697&exercise=wrist-grab-grounding&ref=fb_page_post,"Shindo Dojo is dedicated to transmitting the essential teachings of the founder of Aikido Morihei Ueshiba as taught by his longest standing student Morihiro Saito Shihan. Interior space under construction, weapons outdoors weather permitting.",C_DBso_KeepDoingIt,"Drop Back, Sink, Open. KeepDoingIt.

The most powerful practice is presented first — and Wrist Grab Grounding is where you feel it with a partner.

Partner grabs your extended wrist, gently pushes then pulls. Resisting push = easy to pull. Resisting pull = easy to push. Relaxing and 'feeling where you are' = effortless presence, harder to move.

East Bay movers at Aikido Of Montclair Village Shindo Dojo — this was made for you. Solo or partner, real or invisible.

DBSO. 50% → 60% ground. KeepDoingIt.

From Quantum Aikido Book of Exercises — 20 exclusive practices unavailable anywhere else to improve physical performance + creativity. Student of Robert Nadeau since '71.

Free 5-min guided version → https://aikifield.com/games/exercises/?studio_id=aikido-of-montclair-village-shindo-dojo&fb_page_id=491410727715697&ref=fb_page_post&exercise=wrist-grab-grounding

#CreateABeautifulWorld #MoonSensei
",Practice Creativity — Wrist Grab Grounding for Aikido Of Montclair Village Shindo Dojo,Start Free Trial,PRACTICE CREATIVITY,Wrist Grab Grounding,"Partner · 5 min · Adventures in Aiki-land (R. Moon, 2010)",20 exclusive practices by Richard Moon unavailable anywhere else,https://aikifield.com/games/exercises/?studio_id=aikido-of-montclair-village-shindo-dojo&fb_page_id=491410727715697&exercise=wrist-grab-grounding&ref=fb_page_post,https://aikifield.com/games/exercises/wrist-grab-grounding?studio_id=aikido-of-montclair-village-shindo-dojo&ref=fb_page_post
Alameda Aikikai,East Bay,Aikido dojo,https://www.facebook.com/193701793991680,alameda-aikikai,https://aikifield.com/games/exercises/?studio_id=alameda-aikikai&fb_page_id=193701793991680&exercise=wrist-grab-grounding&ref=fb_page_post,"Alameda Aikikai is a non profit 501(c)3 Aikido dojo established in 1991 in Alameda CA. Traditional family-friendly training, adult and rigorous children's classes, spacious indoor dojo, free trial session. Thursday night class always fun.",A_Lead_Magnet_Demo,"At Alameda Aikikai, you know the feeling of being centered vs. being pulled off-center.

Try this 5-min practice from Richard Moon 6th Dan (student of Robert Nadeau since '71):

WRIST GRAB GROUNDING
Partner · 5 min · Adventures in Aiki-land

A partner grabs your extended wrist and gently pushes, then pulls. Resisting the push lets them pull you easily, resisting the pull lets them push you; relaxing and 'feeling where you are' produces an effortless presence that is harder to move.

At first 50/50 - resist less, ground more. Eventually 50% → 60% ground. DBSO. KeepDoingIt.

You can do it with a real partner OR invisible partner (""we say invisible"").

This is Practice #6 from 20 exclusive practices unavailable anywhere else — daily 5-min guided practices to improve physical performance + creativity.

→ Try it free in the new Moon app (personalized for Alameda Aikikai students):

Alameda Aikikai is a non profit 501(c)3 Aikido dojo established in 1991 in Alameda CA. Traditional family-friendly training, adult and rigorous childr...

👉 https://aikifield.com/games/exercises/?studio_id=alameda-aikikai&fb_page_id=193701793991680&ref=fb_page_post&exercise=wrist-grab-grounding

#aikido #quantumAikido #RobertNadeau #RichardMoon #CreateABeautifulWorld
",Alameda Aikikai Students: Try Wrist Grab Grounding — Free 5-min,Try It Now,20 EXCLUSIVE PRACTICES,Wrist Grab Grounding,"Partner · 5 min · Adventures in Aiki-land (R. Moon, 2010)",20 exclusive practices by Richard Moon unavailable anywhere else,https://aikifield.com/games/exercises/?studio_id=alameda-aikikai&fb_page_id=193701793991680&exercise=wrist-grab-grounding&ref=fb_page_post,https://aikifield.com/games/exercises/wrist-grab-grounding?studio_id=alameda-aikikai&ref=fb_page_post
Alameda Aikikai,East Bay,Aikido dojo,https://www.facebook.com/193701793991680,alameda-aikikai,https://aikifield.com/games/exercises/?studio_id=alameda-aikikai&fb_page_id=193701793991680&exercise=wrist-grab-grounding&ref=fb_page_post,"Alameda Aikikai is a non profit 501(c)3 Aikido dojo established in 1991 in Alameda CA. Traditional family-friendly training, adult and rigorous children's classes, spacious indoor dojo, free trial session. Thursday night class always fun.",B_Invisible_Partner,"No partner? No problem. ""We say invisible.""

WRIST GRAB GROUNDING — the simplest exercise from Quantum Aikido.

How: Extend your wrist. Imaginary partner holds and gently pushes, then pulls. Don't resist — relax and 'feel where you are'. You'll feel an effortless presence that's harder to move.

Aikido dojo at Alameda Aikikai is about alameda aikikai is a non profit 501(c)3 aikido dojo established in 1991 in alameda ca. traditional f... This practice adds the missing layer: creativity as a physical skill.

At first 50/50 you resist less and ground more. After a while resistance becomes hard to see from outside but you feel it inside. Eventually 60% ground.

Then:
Feel
into the center
of your central core
even by drops
in ever finer adjustments

— Richard Moon

Free in Moon app — 20 exclusive practices by Richard Moon 6th Dan, unavailable anywhere else.

→ Personalized for Alameda Aikikai: https://aikifield.com/games/exercises/?studio_id=alameda-aikikai&fb_page_id=193701793991680&ref=fb_page_post&exercise=wrist-grab-grounding

Practice creativity as a physical skill.
",Move Better. Create More. — 5-min Wrist Grab Practice,Download App,MOVE BETTER. CREATE MORE.,Wrist Grab Grounding,"Partner · 5 min · Adventures in Aiki-land (R. Moon, 2010)",20 exclusive practices by Richard Moon unavailable anywhere else,https://aikifield.com/games/exercises/?studio_id=alameda-aikikai&fb_page_id=193701793991680&exercise=wrist-grab-grounding&ref=fb_page_post,https://aikifield.com/games/exercises/wrist-grab-grounding?studio_id=alameda-aikikai&ref=fb_page_post
Alameda Aikikai,East Bay,Aikido dojo,https://www.facebook.com/193701793991680,alameda-aikikai,https://aikifield.com/games/exercises/?studio_id=alameda-aikikai&fb_page_id=193701793991680&exercise=wrist-grab-grounding&ref=fb_page_post,"Alameda Aikikai is a non profit 501(c)3 Aikido dojo established in 1991 in Alameda CA. Traditional family-friendly training, adult and rigorous children's classes, spacious indoor dojo, free trial session. Thursday night class always fun.",C_DBso_KeepDoingIt,"Drop Back, Sink, Open. KeepDoingIt.

The most powerful practice is presented first — and Wrist Grab Grounding is where you feel it with a partner.

Partner grabs your extended wrist, gently pushes then pulls. Resisting push = easy to pull. Resisting pull = easy to push. Relaxing and 'feeling where you are' = effortless presence, harder to move.

East Bay movers at Alameda Aikikai — this was made for you. Solo or partner, real or invisible.

DBSO. 50% → 60% ground. KeepDoingIt.

From Quantum Aikido Book of Exercises — 20 exclusive practices unavailable anywhere else to improve physical performance + creativity. Student of Robert Nadeau since '71.

Free 5-min guided version → https://aikifield.com/games/exercises/?studio_id=alameda-aikikai&fb_page_id=193701793991680&ref=fb_page_post&exercise=wrist-grab-grounding

#CreateABeautifulWorld #MoonSensei
",Practice Creativity — Wrist Grab Grounding for Alameda Aikikai,Start Free Trial,PRACTICE CREATIVITY,Wrist Grab Grounding,"Partner · 5 min · Adventures in Aiki-land (R. Moon, 2010)",20 exclusive practices by Richard Moon unavailable anywhere else,https://aikifield.com/games/exercises/?studio_id=alameda-aikikai&fb_page_id=193701793991680&exercise=wrist-grab-grounding&ref=fb_page_post,https://aikifield.com/games/exercises/wrist-grab-grounding?studio_id=alameda-aikikai&ref=fb_page_post
Aikido Northern California Ki Society,East Bay,Aikido dojo,https://www.facebook.com/KiAikidoNCKS,aikido-northern-california-ki-society,https://aikifield.com/games/exercises/?studio_id=aikido-northern-california-ki-society&fb_page_id=KiAikidoNCKS&exercise=wrist-grab-grounding&ref=fb_page_post,"Aikido Northern California Ki Society - El Cerrito / Albany locations teaching Ki Aikido and Ki development. Focus on mind-body coordination, Ki principles, natural movement.",A_Lead_Magnet_Demo,"At Aikido Northern California Ki Society, you know the feeling of being centered vs. being pulled off-center.

Try this 5-min practice from Richard Moon 6th Dan (student of Robert Nadeau since '71):

WRIST GRAB GROUNDING
Partner · 5 min · Adventures in Aiki-land

A partner grabs your extended wrist and gently pushes, then pulls. Resisting the push lets them pull you easily, resisting the pull lets them push you; relaxing and 'feeling where you are' produces an effortless presence that is harder to move.

At first 50/50 - resist less, ground more. Eventually 50% → 60% ground. DBSO. KeepDoingIt.

You can do it with a real partner OR invisible partner (""we say invisible"").

This is Practice #6 from 20 exclusive practices unavailable anywhere else — daily 5-min guided practices to improve physical performance + creativity.

→ Try it free in the new Moon app (personalized for Aikido Northern California Ki Society students):

Aikido Northern California Ki Society - El Cerrito / Albany locations teaching Ki Aikido and Ki development. Focus on mind-body coordination, Ki princ...

👉 https://aikifield.com/games/exercises/?studio_id=aikido-northern-california-ki-society&fb_page_id=KiAikidoNCKS&ref=fb_page_post&exercise=wrist-grab-grounding

#aikido #quantumAikido #RobertNadeau #RichardMoon #CreateABeautifulWorld
",Aikido Northern California Ki Society Students: Try Wrist Grab Grounding — Free 5-min,Try It Now,20 EXCLUSIVE PRACTICES,Wrist Grab Grounding,"Partner · 5 min · Adventures in Aiki-land (R. Moon, 2010)",20 exclusive practices by Richard Moon unavailable anywhere else,https://aikifield.com/games/exercises/?studio_id=aikido-northern-california-ki-society&fb_page_id=KiAikidoNCKS&exercise=wrist-grab-grounding&ref=fb_page_post,https://aikifield.com/games/exercises/wrist-grab-grounding?studio_id=aikido-northern-california-ki-society&ref=fb_page_post
Aikido Northern California Ki Society,East Bay,Aikido dojo,https://www.facebook.com/KiAikidoNCKS,aikido-northern-california-ki-society,https://aikifield.com/games/exercises/?studio_id=aikido-northern-california-ki-society&fb_page_id=KiAikidoNCKS&exercise=wrist-grab-grounding&ref=fb_page_post,"Aikido Northern California Ki Society - El Cerrito / Albany locations teaching Ki Aikido and Ki development. Focus on mind-body coordination, Ki principles, natural movement.",B_Invisible_Partner,"No partner? No problem. ""We say invisible.""

WRIST GRAB GROUNDING — the simplest exercise from Quantum Aikido.

How: Extend your wrist. Imaginary partner holds and gently pushes, then pulls. Don't resist — relax and 'feel where you are'. You'll feel an effortless presence that's harder to move.

Aikido dojo at Aikido Northern California Ki Society is about aikido northern california ki society - el cerrito / albany locations teaching ki aikido and ki deve... This practice adds the missing layer: creativity as a physical skill.

At first 50/50 you resist less and ground more. After a while resistance becomes hard to see from outside but you feel it inside. Eventually 60% ground.

Then:
Feel
into the center
of your central core
even by drops
in ever finer adjustments

— Richard Moon

Free in Moon app — 20 exclusive practices by Richard Moon 6th Dan, unavailable anywhere else.

→ Personalized for Aikido Northern California Ki Society: https://aikifield.com/games/exercises/?studio_id=aikido-northern-california-ki-society&fb_page_id=KiAikidoNCKS&ref=fb_page_post&exercise=wrist-grab-grounding

Practice creativity as a physical skill.
",Move Better. Create More. — 5-min Wrist Grab Practice,Download App,MOVE BETTER. CREATE MORE.,Wrist Grab Grounding,"Partner · 5 min · Adventures in Aiki-land (R. Moon, 2010)",20 exclusive practices by Richard Moon unavailable anywhere else,https://aikifield.com/games/exercises/?studio_id=aikido-northern-california-ki-society&fb_page_id=KiAikidoNCKS&exercise=wrist-grab-grounding&ref=fb_page_post,https://aikifield.com/games/exercises/wrist-grab-grounding?studio_id=aikido-northern-california-ki-society&ref=fb_page_post
Aikido Northern California Ki Society,East Bay,Aikido dojo,https://www.facebook.com/KiAikidoNCKS,aikido-northern-california-ki-society,https://aikifield.com/games/exercises/?studio_id=aikido-northern-california-ki-society&fb_page_id=KiAikidoNCKS&exercise=wrist-grab-grounding&ref=fb_page_post,"Aikido Northern California Ki Society - El Cerrito / Albany locations teaching Ki Aikido and Ki development. Focus on mind-body coordination, Ki principles, natural movement.",C_DBso_KeepDoingIt,"Drop Back, Sink, Open. KeepDoingIt.

The most powerful practice is presented first — and Wrist Grab Grounding is where you feel it with a partner.

Partner grabs your extended wrist, gently pushes then pulls. Resisting push = easy to pull. Resisting pull = easy to push. Relaxing and 'feeling where you are' = effortless presence, harder to move.

East Bay movers at Aikido Northern California Ki Society — this was made for you. Solo or partner, real or invisible.

DBSO. 50% → 60% ground. KeepDoingIt.

From Quantum Aikido Book of Exercises — 20 exclusive practices unavailable anywhere else to improve physical performance + creativity. Student of Robert Nadeau since '71.

Free 5-min guided version → https://aikifield.com/games/exercises/?studio_id=aikido-northern-california-ki-society&fb_page_id=KiAikidoNCKS&ref=fb_page_post&exercise=wrist-grab-grounding

#CreateABeautifulWorld #MoonSensei
",Practice Creativity — Wrist Grab Grounding for Aikido Northern California Ki Society,Start Free Trial,PRACTICE CREATIVITY,Wrist Grab Grounding,"Partner · 5 min · Adventures in Aiki-land (R. Moon, 2010)",20 exclusive practices by Richard Moon unavailable anywhere else,https://aikifield.com/games/exercises/?studio_id=aikido-northern-california-ki-society&fb_page_id=KiAikidoNCKS&exercise=wrist-grab-grounding&ref=fb_page_post,https://aikifield.com/games/exercises/wrist-grab-grounding?studio_id=aikido-northern-california-ki-society&ref=fb_page_post
The Omni Movement - Dance Studios,East Bay,Dance studio,https://www.facebook.com/1556261098002551,the-omni-movement---dance-studios,https://aikifield.com/games/exercises/?studio_id=the-omni-movement---dance-studios&fb_page_id=1556261098002551&exercise=wrist-grab-grounding&ref=fb_page_post,Founded in 2015 organization dedicated to growing social dance as healthy and accessible form of expression. Best-in-class instruction creative media content high-quality event management. Provides Brazilian Zouk and OmniSwing weekly progressive program in Oakland.,A_Lead_Magnet_Demo,"At The Omni Movement - Dance Studios, you know the feeling of being centered vs. being pulled off-center.

Try this 5-min practice from Richard Moon 6th Dan (student of Robert Nadeau since '71):

WRIST GRAB GROUNDING
Partner · 5 min · Adventures in Aiki-land

A partner grabs your extended wrist and gently pushes, then pulls. Resisting the push lets them pull you easily, resisting the pull lets them push you; relaxing and 'feeling where you are' produces an effortless presence that is harder to move.

At first 50/50 - resist less, ground more. Eventually 50% → 60% ground. DBSO. KeepDoingIt.

You can do it with a real partner OR invisible partner (""we say invisible"").

This is Practice #6 from 20 exclusive practices unavailable anywhere else — daily 5-min guided practices to improve physical performance + creativity.

→ Try it free in the new Moon app (personalized for The Omni Movement - Dance Studios students):

Founded in 2015 organization dedicated to growing social dance as healthy and accessible form of expression. Best-in-class instruction creative media ...

👉 https://aikifield.com/games/exercises/?studio_id=the-omni-movement---dance-studios&fb_page_id=1556261098002551&ref=fb_page_post&exercise=wrist-grab-grounding

#aikido #quantumAikido #RobertNadeau #RichardMoon #CreateABeautifulWorld
",The Omni Movement - Dance Studios Students: Try Wrist Grab Grounding — Free 5-min,Try It Now,20 EXCLUSIVE PRACTICES,Wrist Grab Grounding,"Partner · 5 min · Adventures in Aiki-land (R. Moon, 2010)",20 exclusive practices by Richard Moon unavailable anywhere else,https://aikifield.com/games/exercises/?studio_id=the-omni-movement---dance-studios&fb_page_id=1556261098002551&exercise=wrist-grab-grounding&ref=fb_page_post,https://aikifield.com/games/exercises/wrist-grab-grounding?studio_id=the-omni-movement---dance-studios&ref=fb_page_post
The Omni Movement - Dance Studios,East Bay,Dance studio,https://www.facebook.com/1556261098002551,the-omni-movement---dance-studios,https://aikifield.com/games/exercises/?studio_id=the-omni-movement---dance-studios&fb_page_id=1556261098002551&exercise=wrist-grab-grounding&ref=fb_page_post,Founded in 2015 organization dedicated to growing social dance as healthy and accessible form of expression. Best-in-class instruction creative media content high-quality event management. Provides Brazilian Zouk and OmniSwing weekly progressive program in Oakland.,B_Invisible_Partner,"No partner? No problem. ""We say invisible.""

WRIST GRAB GROUNDING — the simplest exercise from Quantum Aikido.

How: Extend your wrist. Imaginary partner holds and gently pushes, then pulls. Don't resist — relax and 'feel where you are'. You'll feel an effortless presence that's harder to move.

Dance studio at The Omni Movement - Dance Studios is about founded in 2015 organization dedicated to growing social dance as healthy and accessible form of exp... This practice adds the missing layer: creativity as a physical skill.

At first 50/50 you resist less and ground more. After a while resistance becomes hard to see from outside but you feel it inside. Eventually 60% ground.

Then:
Feel
into the center
of your central core
even by drops
in ever finer adjustments

— Richard Moon

Free in Moon app — 20 exclusive practices by Richard Moon 6th Dan, unavailable anywhere else.

→ Personalized for The Omni Movement - Dance Studios: https://aikifield.com/games/exercises/?studio_id=the-omni-movement---dance-studios&fb_page_id=1556261098002551&ref=fb_page_post&exercise=wrist-grab-grounding

Practice creativity as a physical skill.
",Move Better. Create More. — 5-min Wrist Grab Practice,Download App,MOVE BETTER. CREATE MORE.,Wrist Grab Grounding,"Partner · 5 min · Adventures in Aiki-land (R. Moon, 2010)",20 exclusive practices by Richard Moon unavailable anywhere else,https://aikifield.com/games/exercises/?studio_id=the-omni-movement---dance-studios&fb_page_id=1556261098002551&exercise=wrist-grab-grounding&ref=fb_page_post,https://aikifield.com/games/exercises/wrist-grab-grounding?studio_id=the-omni-movement---dance-studios&ref=fb_page_post
The Omni Movement - Dance Studios,East Bay,Dance studio,https://www.facebook.com/1556261098002551,the-omni-movement---dance-studios,https://aikifield.com/games/exercises/?studio_id=the-omni-movement---dance-studios&fb_page_id=1556261098002551&exercise=wrist-grab-grounding&ref=fb_page_post,Founded in 2015 organization dedicated to growing social dance as healthy and accessible form of expression. Best-in-class instruction creative media content high-quality event management. Provides Brazilian Zouk and OmniSwing weekly progressive program in Oakland.,C_DBso_KeepDoingIt,"Drop Back, Sink, Open. KeepDoingIt.

The most powerful practice is presented first — and Wrist Grab Grounding is where you feel it with a partner.

Partner grabs your extended wrist, gently pushes then pulls. Resisting push = easy to pull. Resisting pull = easy to push. Relaxing and 'feeling where you are' = effortless presence, harder to move.

East Bay movers at The Omni Movement - Dance Studios — this was made for you. Solo or partner, real or invisible.

DBSO. 50% → 60% ground. KeepDoingIt.

From Quantum Aikido Book of Exercises — 20 exclusive practices unavailable anywhere else to improve physical performance + creativity. Student of Robert Nadeau since '71.

Free 5-min guided version → https://aikifield.com/games/exercises/?studio_id=the-omni-movement---dance-studios&fb_page_id=1556261098002551&ref=fb_page_post&exercise=wrist-grab-grounding

#CreateABeautifulWorld #MoonSensei
",Practice Creativity — Wrist Grab Grounding for The Omni Movement - Dance Studios,Start Free Trial,PRACTICE CREATIVITY,Wrist Grab Grounding,"Partner · 5 min · Adventures in Aiki-land (R. Moon, 2010)",20 exclusive practices by Richard Moon unavailable anywhere else,https://aikifield.com/games/exercises/?studio_id=the-omni-movement---dance-studios&fb_page_id=1556261098002551&exercise=wrist-grab-grounding&ref=fb_page_post,https://aikifield.com/games/exercises/wrist-grab-grounding?studio_id=the-omni-movement---dance-studios&ref=fb_page_post
Jadu Movement,East Bay,Movement studio,https://www.facebook.com/488151357720780,jadu-movement,https://aikifield.com/games/exercises/?studio_id=jadu-movement&fb_page_id=488151357720780&exercise=wrist-grab-grounding&ref=fb_page_post,Discover your own magic in a vibrant space dedicated to empowerment expression and community. Oakland movement boutique at 1091 Calcot Pl.,A_Lead_Magnet_Demo,"At Jadu Movement, you know the feeling of being centered vs. being pulled off-center.

Try this 5-min practice from Richard Moon 6th Dan (student of Robert Nadeau since '71):

WRIST GRAB GROUNDING
Partner · 5 min · Adventures in Aiki-land

A partner grabs your extended wrist and gently pushes, then pulls. Resisting the push lets them pull you easily, resisting the pull lets them push you; relaxing and 'feeling where you are' produces an effortless presence that is harder to move.

At first 50/50 - resist less, ground more. Eventually 50% → 60% ground. DBSO. KeepDoingIt.

You can do it with a real partner OR invisible partner (""we say invisible"").

This is Practice #6 from 20 exclusive practices unavailable anywhere else — daily 5-min guided practices to improve physical performance + creativity.

→ Try it free in the new Moon app (personalized for Jadu Movement students):

Discover your own magic in a vibrant space dedicated to empowerment expression and community. Oakland movement boutique at 1091 Calcot Pl....

👉 https://aikifield.com/games/exercises/?studio_id=jadu-movement&fb_page_id=488151357720780&ref=fb_page_post&exercise=wrist-grab-grounding

#aikido #quantumAikido #RobertNadeau #RichardMoon #CreateABeautifulWorld
",Jadu Movement Students: Try Wrist Grab Grounding — Free 5-min,Try It Now,20 EXCLUSIVE PRACTICES,Wrist Grab Grounding,"Partner · 5 min · Adventures in Aiki-land (R. Moon, 2010)",20 exclusive practices by Richard Moon unavailable anywhere else,https://aikifield.com/games/exercises/?studio_id=jadu-movement&fb_page_id=488151357720780&exercise=wrist-grab-grounding&ref=fb_page_post,https://aikifield.com/games/exercises/wrist-grab-grounding?studio_id=jadu-movement&ref=fb_page_post
Jadu Movement,East Bay,Movement studio,https://www.facebook.com/488151357720780,jadu-movement,https://aikifield.com/games/exercises/?studio_id=jadu-movement&fb_page_id=488151357720780&exercise=wrist-grab-grounding&ref=fb_page_post,Discover your own magic in a vibrant space dedicated to empowerment expression and community. Oakland movement boutique at 1091 Calcot Pl.,B_Invisible_Partner,"No partner? No problem. ""We say invisible.""

WRIST GRAB GROUNDING — the simplest exercise from Quantum Aikido.

How: Extend your wrist. Imaginary partner holds and gently pushes, then pulls. Don't resist — relax and 'feel where you are'. You'll feel an effortless presence that's harder to move.

Movement studio at Jadu Movement is about discover your own magic in a vibrant space dedicated to empowerment expression and community. oaklan... This practice adds the missing layer: creativity as a physical skill.

At first 50/50 you resist less and ground more. After a while resistance becomes hard to see from outside but you feel it inside. Eventually 60% ground.

Then:
Feel
into the center
of your central core
even by drops
in ever finer adjustments

— Richard Moon

Free in Moon app — 20 exclusive practices by Richard Moon 6th Dan, unavailable anywhere else.

→ Personalized for Jadu Movement: https://aikifield.com/games/exercises/?studio_id=jadu-movement&fb_page_id=488151357720780&ref=fb_page_post&exercise=wrist-grab-grounding

Practice creativity as a physical skill.
",Move Better. Create More. — 5-min Wrist Grab Practice,Download App,MOVE BETTER. CREATE MORE.,Wrist Grab Grounding,"Partner · 5 min · Adventures in Aiki-land (R. Moon, 2010)",20 exclusive practices by Richard Moon unavailable anywhere else,https://aikifield.com/games/exercises/?studio_id=jadu-movement&fb_page_id=488151357720780&exercise=wrist-grab-grounding&ref=fb_page_post,https://aikifield.com/games/exercises/wrist-grab-grounding?studio_id=jadu-movement&ref=fb_page_post
Jadu Movement,East Bay,Movement studio,https://www.facebook.com/488151357720780,jadu-movement,https://aikifield.com/games/exercises/?studio_id=jadu-movement&fb_page_id=488151357720780&exercise=wrist-grab-grounding&ref=fb_page_post,Discover your own magic in a vibrant space dedicated to empowerment expression and community. Oakland movement boutique at 1091 Calcot Pl.,C_DBso_KeepDoingIt,"Drop Back, Sink, Open. KeepDoingIt.

The most powerful practice is presented first — and Wrist Grab Grounding is where you feel it with a partner.

Partner grabs your extended wrist, gently pushes then pulls. Resisting push = easy to pull. Resisting pull = easy to push. Relaxing and 'feeling where you are' = effortless presence, harder to move.

East Bay movers at Jadu Movement — this was made for you. Solo or partner, real or invisible.

DBSO. 50% → 60% ground. KeepDoingIt.

From Quantum Aikido Book of Exercises — 20 exclusive practices unavailable anywhere else to improve physical performance + creativity. Student of Robert Nadeau since '71.

Free 5-min guided version → https://aikifield.com/games/exercises/?studio_id=jadu-movement&fb_page_id=488151357720780&ref=fb_page_post&exercise=wrist-grab-grounding

#CreateABeautifulWorld #MoonSensei
",Practice Creativity — Wrist Grab Grounding for Jadu Movement,Start Free Trial,PRACTICE CREATIVITY,Wrist Grab Grounding,"Partner · 5 min · Adventures in Aiki-land (R. Moon, 2010)",20 exclusive practices by Richard Moon unavailable anywhere else,https://aikifield.com/games/exercises/?studio_id=jadu-movement&fb_page_id=488151357720780&exercise=wrist-grab-grounding&ref=fb_page_post,https://aikifield.com/games/exercises/wrist-grab-grounding?studio_id=jadu-movement&ref=fb_page_post
In the Groove Studios,East Bay,Dance studio,https://www.facebook.com/158547940880268,in-the-groove-studios,https://aikifield.com/games/exercises/?studio_id=in-the-groove-studios&fb_page_id=158547940880268&exercise=wrist-grab-grounding&ref=fb_page_post,At In The Groove our goal is to help you become person you aspire to be. Whether you want to be industry dancer trained diva or just casual class taker we'll guide you through decisions providing fresh options in fun not intimidating environment. Sanctuary embrace love of dance. 4.7 stars 155 reviews.,A_Lead_Magnet_Demo,"At In the Groove Studios, you know the feeling of being centered vs. being pulled off-center.

Try this 5-min practice from Richard Moon 6th Dan (student of Robert Nadeau since '71):

WRIST GRAB GROUNDING
Partner · 5 min · Adventures in Aiki-land

A partner grabs your extended wrist and gently pushes, then pulls. Resisting the push lets them pull you easily, resisting the pull lets them push you; relaxing and 'feeling where you are' produces an effortless presence that is harder to move.

At first 50/50 - resist less, ground more. Eventually 50% → 60% ground. DBSO. KeepDoingIt.

You can do it with a real partner OR invisible partner (""we say invisible"").

This is Practice #6 from 20 exclusive practices unavailable anywhere else — daily 5-min guided practices to improve physical performance + creativity.

→ Try it free in the new Moon app (personalized for In the Groove Studios students):

At In The Groove our goal is to help you become person you aspire to be. Whether you want to be industry dancer trained diva or just casual class take...

👉 https://aikifield.com/games/exercises/?studio_id=in-the-groove-studios&fb_page_id=158547940880268&ref=fb_page_post&exercise=wrist-grab-grounding

#aikido #quantumAikido #RobertNadeau #RichardMoon #CreateABeautifulWorld
",In the Groove Studios Students: Try Wrist Grab Grounding — Free 5-min,Try It Now,20 EXCLUSIVE PRACTICES,Wrist Grab Grounding,"Partner · 5 min · Adventures in Aiki-land (R. Moon, 2010)",20 exclusive practices by Richard Moon unavailable anywhere else,https://aikifield.com/games/exercises/?studio_id=in-the-groove-studios&fb_page_id=158547940880268&exercise=wrist-grab-grounding&ref=fb_page_post,https://aikifield.com/games/exercises/wrist-grab-grounding?studio_id=in-the-groove-studios&ref=fb_page_post
In the Groove Studios,East Bay,Dance studio,https://www.facebook.com/158547940880268,in-the-groove-studios,https://aikifield.com/games/exercises/?studio_id=in-the-groove-studios&fb_page_id=158547940880268&exercise=wrist-grab-grounding&ref=fb_page_post,At In The Groove our goal is to help you become person you aspire to be. Whether you want to be industry dancer trained diva or just casual class taker we'll guide you through decisions providing fresh options in fun not intimidating environment. Sanctuary embrace love of dance. 4.7 stars 155 reviews.,B_Invisible_Partner,"No partner? No problem. ""We say invisible.""

WRIST GRAB GROUNDING — the simplest exercise from Quantum Aikido.

How: Extend your wrist. Imaginary partner holds and gently pushes, then pulls. Don't resist — relax and 'feel where you are'. You'll feel an effortless presence that's harder to move.

Dance studio at In the Groove Studios is about at in the groove our goal is to help you become person you aspire to be. whether you want to be indu... This practice adds the missing layer: creativity as a physical skill.

At first 50/50 you resist less and ground more. After a while resistance becomes hard to see from outside but you feel it inside. Eventually 60% ground.

Then:
Feel
into the center
of your central core
even by drops
in ever finer adjustments

— Richard Moon

Free in Moon app — 20 exclusive practices by Richard Moon 6th Dan, unavailable anywhere else.

→ Personalized for In the Groove Studios: https://aikifield.com/games/exercises/?studio_id=in-the-groove-studios&fb_page_id=158547940880268&ref=fb_page_post&exercise=wrist-grab-grounding

Practice creativity as a physical skill.
",Move Better. Create More. — 5-min Wrist Grab Practice,Download App,MOVE BETTER. CREATE MORE.,Wrist Grab Grounding,"Partner · 5 min · Adventures in Aiki-land (R. Moon, 2010)",20 exclusive practices by Richard Moon unavailable anywhere else,https://aikifield.com/games/exercises/?studio_id=in-the-groove-studios&fb_page_id=158547940880268&exercise=wrist-grab-grounding&ref=fb_page_post,https://aikifield.com/games/exercises/wrist-grab-grounding?studio_id=in-the-groove-studios&ref=fb_page_post
In the Groove Studios,East Bay,Dance studio,https://www.facebook.com/158547940880268,in-the-groove-studios,https://aikifield.com/games/exercises/?studio_id=in-the-groove-studios&fb_page_id=158547940880268&exercise=wrist-grab-grounding&ref=fb_page_post,At In The Groove our goal is to help you become person you aspire to be. Whether you want to be industry dancer trained diva or just casual class taker we'll guide you through decisions providing fresh options in fun not intimidating environment. Sanctuary embrace love of dance. 4.7 stars 155 reviews.,C_DBso_KeepDoingIt,"Drop Back, Sink, Open. KeepDoingIt.

The most powerful practice is presented first — and Wrist Grab Grounding is where you feel it with a partner.

Partner grabs your extended wrist, gently pushes then pulls. Resisting push = easy to pull. Resisting pull = easy to push. Relaxing and 'feeling where you are' = effortless presence, harder to move.

East Bay movers at In the Groove Studios — this was made for you. Solo or partner, real or invisible.

DBSO. 50% → 60% ground. KeepDoingIt.

From Quantum Aikido Book of Exercises — 20 exclusive practices unavailable anywhere else to improve physical performance + creativity. Student of Robert Nadeau since '71.

Free 5-min guided version → https://aikifield.com/games/exercises/?studio_id=in-the-groove-studios&fb_page_id=158547940880268&ref=fb_page_post&exercise=wrist-grab-grounding

#CreateABeautifulWorld #MoonSensei
",Practice Creativity — Wrist Grab Grounding for In the Groove Studios,Start Free Trial,PRACTICE CREATIVITY,Wrist Grab Grounding,"Partner · 5 min · Adventures in Aiki-land (R. Moon, 2010)",20 exclusive practices by Richard Moon unavailable anywhere else,https://aikifield.com/games/exercises/?studio_id=in-the-groove-studios&fb_page_id=158547940880268&exercise=wrist-grab-grounding&ref=fb_page_post,https://aikifield.com/games/exercises/wrist-grab-grounding?studio_id=in-the-groove-studios&ref=fb_page_post
Atomic Allure,East Bay,Pole / Aerial,https://www.facebook.com/280406465345592,atomic-allure,https://aikifield.com/games/exercises/?studio_id=atomic-allure&fb_page_id=280406465345592&exercise=wrist-grab-grounding&ref=fb_page_post,Beauty stems from within and we find ways to bring out inner beauty and confidence in all of us. Body-positive pole and aerial studio in Oakland near 12th St BART. Intro to Pole Booty Popping Basics Aerial Yoga. 4.6 stars supportive self-love atmosphere.,A_Lead_Magnet_Demo,"At Atomic Allure, you know the feeling of being centered vs. being pulled off-center.

Try this 5-min practice from Richard Moon 6th Dan (student of Robert Nadeau since '71):

WRIST GRAB GROUNDING
Partner · 5 min · Adventures in Aiki-land

A partner grabs your extended wrist and gently pushes, then pulls. Resisting the push lets them pull you easily, resisting the pull lets them push you; relaxing and 'feeling where you are' produces an effortless presence that is harder to move.

At first 50/50 - resist less, ground more. Eventually 50% → 60% ground. DBSO. KeepDoingIt.

You can do it with a real partner OR invisible partner (""we say invisible"").

This is Practice #6 from 20 exclusive practices unavailable anywhere else — daily 5-min guided practices to improve physical performance + creativity.

→ Try it free in the new Moon app (personalized for Atomic Allure students):

Beauty stems from within and we find ways to bring out inner beauty and confidence in all of us. Body-positive pole and aerial studio in Oakland near ...

👉 https://aikifield.com/games/exercises/?studio_id=atomic-allure&fb_page_id=280406465345592&ref=fb_page_post&exercise=wrist-grab-grounding

#aikido #quantumAikido #RobertNadeau #RichardMoon #CreateABeautifulWorld
",Atomic Allure Students: Try Wrist Grab Grounding — Free 5-min,Try It Now,20 EXCLUSIVE PRACTICES,Wrist Grab Grounding,"Partner · 5 min · Adventures in Aiki-land (R. Moon, 2010)",20 exclusive practices by Richard Moon unavailable anywhere else,https://aikifield.com/games/exercises/?studio_id=atomic-allure&fb_page_id=280406465345592&exercise=wrist-grab-grounding&ref=fb_page_post,https://aikifield.com/games/exercises/wrist-grab-grounding?studio_id=atomic-allure&ref=fb_page_post
Atomic Allure,East Bay,Pole / Aerial,https://www.facebook.com/280406465345592,atomic-allure,https://aikifield.com/games/exercises/?studio_id=atomic-allure&fb_page_id=280406465345592&exercise=wrist-grab-grounding&ref=fb_page_post,Beauty stems from within and we find ways to bring out inner beauty and confidence in all of us. Body-positive pole and aerial studio in Oakland near 12th St BART. Intro to Pole Booty Popping Basics Aerial Yoga. 4.6 stars supportive self-love atmosphere.,B_Invisible_Partner,"No partner? No problem. ""We say invisible.""

WRIST GRAB GROUNDING — the simplest exercise from Quantum Aikido.

How: Extend your wrist. Imaginary partner holds and gently pushes, then pulls. Don't resist — relax and 'feel where you are'. You'll feel an effortless presence that's harder to move.

Pole / Aerial at Atomic Allure is about beauty stems from within and we find ways to bring out inner beauty and confidence in all of us. bod... This practice adds the missing layer: creativity as a physical skill.

At first 50/50 you resist less and ground more. After a while resistance becomes hard to see from outside but you feel it inside. Eventually 60% ground.

Then:
Feel
into the center
of your central core
even by drops
in ever finer adjustments

— Richard Moon

Free in Moon app — 20 exclusive practices by Richard Moon 6th Dan, unavailable anywhere else.

→ Personalized for Atomic Allure: https://aikifield.com/games/exercises/?studio_id=atomic-allure&fb_page_id=280406465345592&ref=fb_page_post&exercise=wrist-grab-grounding

Practice creativity as a physical skill.
",Move Better. Create More. — 5-min Wrist Grab Practice,Download App,MOVE BETTER. CREATE MORE.,Wrist Grab Grounding,"Partner · 5 min · Adventures in Aiki-land (R. Moon, 2010)",20 exclusive practices by Richard Moon unavailable anywhere else,https://aikifield.com/games/exercises/?studio_id=atomic-allure&fb_page_id=280406465345592&exercise=wrist-grab-grounding&ref=fb_page_post,https://aikifield.com/games/exercises/wrist-grab-grounding?studio_id=atomic-allure&ref=fb_page_post
Atomic Allure,East Bay,Pole / Aerial,https://www.facebook.com/280406465345592,atomic-allure,https://aikifield.com/games/exercises/?studio_id=atomic-allure&fb_page_id=280406465345592&exercise=wrist-grab-grounding&ref=fb_page_post,Beauty stems from within and we find ways to bring out inner beauty and confidence in all of us. Body-positive pole and aerial studio in Oakland near 12th St BART. Intro to Pole Booty Popping Basics Aerial Yoga. 4.6 stars supportive self-love atmosphere.,C_DBso_KeepDoingIt,"Drop Back, Sink, Open. KeepDoingIt.

The most powerful practice is presented first — and Wrist Grab Grounding is where you feel it with a partner.

Partner grabs your extended wrist, gently pushes then pulls. Resisting push = easy to pull. Resisting pull = easy to push. Relaxing and 'feeling where you are' = effortless presence, harder to move.

East Bay movers at Atomic Allure — this was made for you. Solo or partner, real or invisible.

DBSO. 50% → 60% ground. KeepDoingIt.

From Quantum Aikido Book of Exercises — 20 exclusive practices unavailable anywhere else to improve physical performance + creativity. Student of Robert Nadeau since '71.

Free 5-min guided version → https://aikifield.com/games/exercises/?studio_id=atomic-allure&fb_page_id=280406465345592&ref=fb_page_post&exercise=wrist-grab-grounding

#CreateABeautifulWorld #MoonSensei
",Practice Creativity — Wrist Grab Grounding for Atomic Allure,Start Free Trial,PRACTICE CREATIVITY,Wrist Grab Grounding,"Partner · 5 min · Adventures in Aiki-land (R. Moon, 2010)",20 exclusive practices by Richard Moon unavailable anywhere else,https://aikifield.com/games/exercises/?studio_id=atomic-allure&fb_page_id=280406465345592&exercise=wrist-grab-grounding&ref=fb_page_post,https://aikifield.com/games/exercises/wrist-grab-grounding?studio_id=atomic-allure&ref=fb_page_post
Shawl-Anderson Dance Center,East Bay,Dance school,https://www.facebook.com/shawlandersondance,shawl-anderson-dance-center,https://aikifield.com/games/exercises/?studio_id=shawl-anderson-dance-center&fb_page_id=shawlandersondance&exercise=wrist-grab-grounding&ref=fb_page_post,"Berkeley's premier non-profit dance education center at 2055 Center St since 1958. Modern ballet contemporary. Community classes for children and adults, open inclusive creative dance education.",A_Lead_Magnet_Demo,"At Shawl-Anderson Dance Center, you know the feeling of being centered vs. being pulled off-center.

Try this 5-min practice from Richard Moon 6th Dan (student of Robert Nadeau since '71):

WRIST GRAB GROUNDING
Partner · 5 min · Adventures in Aiki-land

A partner grabs your extended wrist and gently pushes, then pulls. Resisting the push lets them pull you easily, resisting the pull lets them push you; relaxing and 'feeling where you are' produces an effortless presence that is harder to move.

At first 50/50 - resist less, ground more. Eventually 50% → 60% ground. DBSO. KeepDoingIt.

You can do it with a real partner OR invisible partner (""we say invisible"").

This is Practice #6 from 20 exclusive practices unavailable anywhere else — daily 5-min guided practices to improve physical performance + creativity.

→ Try it free in the new Moon app (personalized for Shawl-Anderson Dance Center students):

Berkeley's premier non-profit dance education center at 2055 Center St since 1958. Modern ballet contemporary. Community classes for children and adul...

👉 https://aikifield.com/games/exercises/?studio_id=shawl-anderson-dance-center&fb_page_id=shawlandersondance&ref=fb_page_post&exercise=wrist-grab-grounding

#aikido #quantumAikido #RobertNadeau #RichardMoon #CreateABeautifulWorld
",Shawl-Anderson Dance Center Students: Try Wrist Grab Grounding — Free 5-min,Try It Now,20 EXCLUSIVE PRACTICES,Wrist Grab Grounding,"Partner · 5 min · Adventures in Aiki-land (R. Moon, 2010)",20 exclusive practices by Richard Moon unavailable anywhere else,https://aikifield.com/games/exercises/?studio_id=shawl-anderson-dance-center&fb_page_id=shawlandersondance&exercise=wrist-grab-grounding&ref=fb_page_post,https://aikifield.com/games/exercises/wrist-grab-grounding?studio_id=shawl-anderson-dance-center&ref=fb_page_post
Shawl-Anderson Dance Center,East Bay,Dance school,https://www.facebook.com/shawlandersondance,shawl-anderson-dance-center,https://aikifield.com/games/exercises/?studio_id=shawl-anderson-dance-center&fb_page_id=shawlandersondance&exercise=wrist-grab-grounding&ref=fb_page_post,"Berkeley's premier non-profit dance education center at 2055 Center St since 1958. Modern ballet contemporary. Community classes for children and adults, open inclusive creative dance education.",B_Invisible_Partner,"No partner? No problem. ""We say invisible.""

WRIST GRAB GROUNDING — the simplest exercise from Quantum Aikido.

How: Extend your wrist. Imaginary partner holds and gently pushes, then pulls. Don't resist — relax and 'feel where you are'. You'll feel an effortless presence that's harder to move.

Dance school at Shawl-Anderson Dance Center is about berkeley's premier non-profit dance education center at 2055 center st since 1958. modern ballet con... This practice adds the missing layer: creativity as a physical skill.

At first 50/50 you resist less and ground more. After a while resistance becomes hard to see from outside but you feel it inside. Eventually 60% ground.

Then:
Feel
into the center
of your central core
even by drops
in ever finer adjustments

— Richard Moon

Free in Moon app — 20 exclusive practices by Richard Moon 6th Dan, unavailable anywhere else.

→ Personalized for Shawl-Anderson Dance Center: https://aikifield.com/games/exercises/?studio_id=shawl-anderson-dance-center&fb_page_id=shawlandersondance&ref=fb_page_post&exercise=wrist-grab-grounding

Practice creativity as a physical skill.
",Move Better. Create More. — 5-min Wrist Grab Practice,Download App,MOVE BETTER. CREATE MORE.,Wrist Grab Grounding,"Partner · 5 min · Adventures in Aiki-land (R. Moon, 2010)",20 exclusive practices by Richard Moon unavailable anywhere else,https://aikifield.com/games/exercises/?studio_id=shawl-anderson-dance-center&fb_page_id=shawlandersondance&exercise=wrist-grab-grounding&ref=fb_page_post,https://aikifield.com/games/exercises/wrist-grab-grounding?studio_id=shawl-anderson-dance-center&ref=fb_page_post
Shawl-Anderson Dance Center,East Bay,Dance school,https://www.facebook.com/shawlandersondance,shawl-anderson-dance-center,https://aikifield.com/games/exercises/?studio_id=shawl-anderson-dance-center&fb_page_id=shawlandersondance&exercise=wrist-grab-grounding&ref=fb_page_post,"Berkeley's premier non-profit dance education center at 2055 Center St since 1958. Modern ballet contemporary. Community classes for children and adults, open inclusive creative dance education.",C_DBso_KeepDoingIt,"Drop Back, Sink, Open. KeepDoingIt.

The most powerful practice is presented first — and Wrist Grab Grounding is where you feel it with a partner.

Partner grabs your extended wrist, gently pushes then pulls. Resisting push = easy to pull. Resisting pull = easy to push. Relaxing and 'feeling where you are' = effortless presence, harder to move.

East Bay movers at Shawl-Anderson Dance Center — this was made for you. Solo or partner, real or invisible.

DBSO. 50% → 60% ground. KeepDoingIt.

From Quantum Aikido Book of Exercises — 20 exclusive practices unavailable anywhere else to improve physical performance + creativity. Student of Robert Nadeau since '71.

Free 5-min guided version → https://aikifield.com/games/exercises/?studio_id=shawl-anderson-dance-center&fb_page_id=shawlandersondance&ref=fb_page_post&exercise=wrist-grab-grounding

#CreateABeautifulWorld #MoonSensei
",Practice Creativity — Wrist Grab Grounding for Shawl-Anderson Dance Center,Start Free Trial,PRACTICE CREATIVITY,Wrist Grab Grounding,"Partner · 5 min · Adventures in Aiki-land (R. Moon, 2010)",20 exclusive practices by Richard Moon unavailable anywhere else,https://aikifield.com/games/exercises/?studio_id=shawl-anderson-dance-center&fb_page_id=shawlandersondance&exercise=wrist-grab-grounding&ref=fb_page_post,https://aikifield.com/games/exercises/wrist-grab-grounding?studio_id=shawl-anderson-dance-center&ref=fb_page_post
Van der Zwaan Dance Studio,East Bay,Dance studio,https://www.facebook.com/200441853407443,van-der-zwaan-dance-studio,https://aikifield.com/games/exercises/?studio_id=van-der-zwaan-dance-studio&fb_page_id=200441853407443&exercise=wrist-grab-grounding&ref=fb_page_post,Dance studio and dance clothing store specializing in multiple genres including Ballet Pointe Modern Contemporary Acro Gymnastics Hip Hop Tap and Jazz. 5 stars 11 reviews.,A_Lead_Magnet_Demo,"At Van der Zwaan Dance Studio, you know the feeling of being centered vs. being pulled off-center.

Try this 5-min practice from Richard Moon 6th Dan (student of Robert Nadeau since '71):

WRIST GRAB GROUNDING
Partner · 5 min · Adventures in Aiki-land

A partner grabs your extended wrist and gently pushes, then pulls. Resisting the push lets them pull you easily, resisting the pull lets them push you; relaxing and 'feeling where you are' produces an effortless presence that is harder to move.

At first 50/50 - resist less, ground more. Eventually 50% → 60% ground. DBSO. KeepDoingIt.

You can do it with a real partner OR invisible partner (""we say invisible"").

This is Practice #6 from 20 exclusive practices unavailable anywhere else — daily 5-min guided practices to improve physical performance + creativity.

→ Try it free in the new Moon app (personalized for Van der Zwaan Dance Studio students):

Dance studio and dance clothing store specializing in multiple genres including Ballet Pointe Modern Contemporary Acro Gymnastics Hip Hop Tap and Jazz...

👉 https://aikifield.com/games/exercises/?studio_id=van-der-zwaan-dance-studio&fb_page_id=200441853407443&ref=fb_page_post&exercise=wrist-grab-grounding

#aikido #quantumAikido #RobertNadeau #RichardMoon #CreateABeautifulWorld
",Van der Zwaan Dance Studio Students: Try Wrist Grab Grounding — Free 5-min,Try It Now,20 EXCLUSIVE PRACTICES,Wrist Grab Grounding,"Partner · 5 min · Adventures in Aiki-land (R. Moon, 2010)",20 exclusive practices by Richard Moon unavailable anywhere else,https://aikifield.com/games/exercises/?studio_id=van-der-zwaan-dance-studio&fb_page_id=200441853407443&exercise=wrist-grab-grounding&ref=fb_page_post,https://aikifield.com/games/exercises/wrist-grab-grounding?studio_id=van-der-zwaan-dance-studio&ref=fb_page_post
Van der Zwaan Dance Studio,East Bay,Dance studio,https://www.facebook.com/200441853407443,van-der-zwaan-dance-studio,https://aikifield.com/games/exercises/?studio_id=van-der-zwaan-dance-studio&fb_page_id=200441853407443&exercise=wrist-grab-grounding&ref=fb_page_post,Dance studio and dance clothing store specializing in multiple genres including Ballet Pointe Modern Contemporary Acro Gymnastics Hip Hop Tap and Jazz. 5 stars 11 reviews.,B_Invisible_Partner,"No partner? No problem. ""We say invisible.""

WRIST GRAB GROUNDING — the simplest exercise from Quantum Aikido.

How: Extend your wrist. Imaginary partner holds and gently pushes, then pulls. Don't resist — relax and 'feel where you are'. You'll feel an effortless presence that's harder to move.

Dance studio at Van der Zwaan Dance Studio is about dance studio and dance clothing store specializing in multiple genres including ballet pointe modern... This practice adds the missing layer: creativity as a physical skill.

At first 50/50 you resist less and ground more. After a while resistance becomes hard to see from outside but you feel it inside. Eventually 60% ground.

Then:
Feel
into the center
of your central core
even by drops
in ever finer adjustments

— Richard Moon

Free in Moon app — 20 exclusive practices by Richard Moon 6th Dan, unavailable anywhere else.

→ Personalized for Van der Zwaan Dance Studio: https://aikifield.com/games/exercises/?studio_id=van-der-zwaan-dance-studio&fb_page_id=200441853407443&ref=fb_page_post&exercise=wrist-grab-grounding

Practice creativity as a physical skill.
",Move Better. Create More. — 5-min Wrist Grab Practice,Download App,MOVE BETTER. CREATE MORE.,Wrist Grab Grounding,"Partner · 5 min · Adventures in Aiki-land (R. Moon, 2010)",20 exclusive practices by Richard Moon unavailable anywhere else,https://aikifield.com/games/exercises/?studio_id=van-der-zwaan-dance-studio&fb_page_id=200441853407443&exercise=wrist-grab-grounding&ref=fb_page_post,https://aikifield.com/games/exercises/wrist-grab-grounding?studio_id=van-der-zwaan-dance-studio&ref=fb_page_post
Van der Zwaan Dance Studio,East Bay,Dance studio,https://www.facebook.com/200441853407443,van-der-zwaan-dance-studio,https://aikifield.com/games/exercises/?studio_id=van-der-zwaan-dance-studio&fb_page_id=200441853407443&exercise=wrist-grab-grounding&ref=fb_page_post,Dance studio and dance clothing store specializing in multiple genres including Ballet Pointe Modern Contemporary Acro Gymnastics Hip Hop Tap and Jazz. 5 stars 11 reviews.,C_DBso_KeepDoingIt,"Drop Back, Sink, Open. KeepDoingIt.

The most powerful practice is presented first — and Wrist Grab Grounding is where you feel it with a partner.

Partner grabs your extended wrist, gently pushes then pulls. Resisting push = easy to pull. Resisting pull = easy to push. Relaxing and 'feeling where you are' = effortless presence, harder to move.

East Bay movers at Van der Zwaan Dance Studio — this was made for you. Solo or partner, real or invisible.

DBSO. 50% → 60% ground. KeepDoingIt.

From Quantum Aikido Book of Exercises — 20 exclusive practices unavailable anywhere else to improve physical performance + creativity. Student of Robert Nadeau since '71.

Free 5-min guided version → https://aikifield.com/games/exercises/?studio_id=van-der-zwaan-dance-studio&fb_page_id=200441853407443&ref=fb_page_post&exercise=wrist-grab-grounding

#CreateABeautifulWorld #MoonSensei
",Practice Creativity — Wrist Grab Grounding for Van der Zwaan Dance Studio,Start Free Trial,PRACTICE CREATIVITY,Wrist Grab Grounding,"Partner · 5 min · Adventures in Aiki-land (R. Moon, 2010)",20 exclusive practices by Richard Moon unavailable anywhere else,https://aikifield.com/games/exercises/?studio_id=van-der-zwaan-dance-studio&fb_page_id=200441853407443&exercise=wrist-grab-grounding&ref=fb_page_post,https://aikifield.com/games/exercises/wrist-grab-grounding?studio_id=van-der-zwaan-dance-studio&ref=fb_page_post
Berkeley Pole + Dance,East Bay,Pole / Dance,https://www.facebook.com/100270625291384,berkeley-pole-+-dance,https://aikifield.com/games/exercises/?studio_id=berkeley-pole-+-dance&fb_page_id=100270625291384&exercise=wrist-grab-grounding&ref=fb_page_post,Berkeley Pole & Dance is a community oriented pole and aerial studio in downtown Berkeley offering classes in bright open space. Inclusive non-judgmental vibe Wednesdays cute time.,A_Lead_Magnet_Demo,"At Berkeley Pole + Dance, you know the feeling of being centered vs. being pulled off-center.

Try this 5-min practice from Richard Moon 6th Dan (student of Robert Nadeau since '71):

WRIST GRAB GROUNDING
Partner · 5 min · Adventures in Aiki-land

A partner grabs your extended wrist and gently pushes, then pulls. Resisting the push lets them pull you easily, resisting the pull lets them push you; relaxing and 'feeling where you are' produces an effortless presence that is harder to move.

At first 50/50 - resist less, ground more. Eventually 50% → 60% ground. DBSO. KeepDoingIt.

You can do it with a real partner OR invisible partner (""we say invisible"").

This is Practice #6 from 20 exclusive practices unavailable anywhere else — daily 5-min guided practices to improve physical performance + creativity.

→ Try it free in the new Moon app (personalized for Berkeley Pole + Dance students):

Berkeley Pole & Dance is a community oriented pole and aerial studio in downtown Berkeley offering classes in bright open space. Inclusive non-judgmen...

👉 https://aikifield.com/games/exercises/?studio_id=berkeley-pole-+-dance&fb_page_id=100270625291384&ref=fb_page_post&exercise=wrist-grab-grounding

#aikido #quantumAikido #RobertNadeau #RichardMoon #CreateABeautifulWorld
",Berkeley Pole + Dance Students: Try Wrist Grab Grounding — Free 5-min,Try It Now,20 EXCLUSIVE PRACTICES,Wrist Grab Grounding,"Partner · 5 min · Adventures in Aiki-land (R. Moon, 2010)",20 exclusive practices by Richard Moon unavailable anywhere else,https://aikifield.com/games/exercises/?studio_id=berkeley-pole-+-dance&fb_page_id=100270625291384&exercise=wrist-grab-grounding&ref=fb_page_post,https://aikifield.com/games/exercises/wrist-grab-grounding?studio_id=berkeley-pole-+-dance&ref=fb_page_post
Berkeley Pole + Dance,East Bay,Pole / Dance,https://www.facebook.com/100270625291384,berkeley-pole-+-dance,https://aikifield.com/games/exercises/?studio_id=berkeley-pole-+-dance&fb_page_id=100270625291384&exercise=wrist-grab-grounding&ref=fb_page_post,Berkeley Pole & Dance is a community oriented pole and aerial studio in downtown Berkeley offering classes in bright open space. Inclusive non-judgmental vibe Wednesdays cute time.,B_Invisible_Partner,"No partner? No problem. ""We say invisible.""

WRIST GRAB GROUNDING — the simplest exercise from Quantum Aikido.

How: Extend your wrist. Imaginary partner holds and gently pushes, then pulls. Don't resist — relax and 'feel where you are'. You'll feel an effortless presence that's harder to move.

Pole / Dance at Berkeley Pole + Dance is about berkeley pole & dance is a community oriented pole and aerial studio in downtown berkeley offering c... This practice adds the missing layer: creativity as a physical skill.

At first 50/50 you resist less and ground more. After a while resistance becomes hard to see from outside but you feel it inside. Eventually 60% ground.

Then:
Feel
into the center
of your central core
even by drops
in ever finer adjustments

— Richard Moon

Free in Moon app — 20 exclusive practices by Richard Moon 6th Dan, unavailable anywhere else.

→ Personalized for Berkeley Pole + Dance: https://aikifield.com/games/exercises/?studio_id=berkeley-pole-+-dance&fb_page_id=100270625291384&ref=fb_page_post&exercise=wrist-grab-grounding

Practice creativity as a physical skill.
",Move Better. Create More. — 5-min Wrist Grab Practice,Download App,MOVE BETTER. CREATE MORE.,Wrist Grab Grounding,"Partner · 5 min · Adventures in Aiki-land (R. Moon, 2010)",20 exclusive practices by Richard Moon unavailable anywhere else,https://aikifield.com/games/exercises/?studio_id=berkeley-pole-+-dance&fb_page_id=100270625291384&exercise=wrist-grab-grounding&ref=fb_page_post,https://aikifield.com/games/exercises/wrist-grab-grounding?studio_id=berkeley-pole-+-dance&ref=fb_page_post
Berkeley Pole + Dance,East Bay,Pole / Dance,https://www.facebook.com/100270625291384,berkeley-pole-+-dance,https://aikifield.com/games/exercises/?studio_id=berkeley-pole-+-dance&fb_page_id=100270625291384&exercise=wrist-grab-grounding&ref=fb_page_post,Berkeley Pole & Dance is a community oriented pole and aerial studio in downtown Berkeley offering classes in bright open space. Inclusive non-judgmental vibe Wednesdays cute time.,C_DBso_KeepDoingIt,"Drop Back, Sink, Open. KeepDoingIt.

The most powerful practice is presented first — and Wrist Grab Grounding is where you feel it with a partner.

Partner grabs your extended wrist, gently pushes then pulls. Resisting push = easy to pull. Resisting pull = easy to push. Relaxing and 'feeling where you are' = effortless presence, harder to move.

East Bay movers at Berkeley Pole + Dance — this was made for you. Solo or partner, real or invisible.

DBSO. 50% → 60% ground. KeepDoingIt.

From Quantum Aikido Book of Exercises — 20 exclusive practices unavailable anywhere else to improve physical performance + creativity. Student of Robert Nadeau since '71.

Free 5-min guided version → https://aikifield.com/games/exercises/?studio_id=berkeley-pole-+-dance&fb_page_id=100270625291384&ref=fb_page_post&exercise=wrist-grab-grounding

#CreateABeautifulWorld #MoonSensei
",Practice Creativity — Wrist Grab Grounding for Berkeley Pole + Dance,Start Free Trial,PRACTICE CREATIVITY,Wrist Grab Grounding,"Partner · 5 min · Adventures in Aiki-land (R. Moon, 2010)",20 exclusive practices by Richard Moon unavailable anywhere else,https://aikifield.com/games/exercises/?studio_id=berkeley-pole-+-dance&fb_page_id=100270625291384&exercise=wrist-grab-grounding&ref=fb_page_post,https://aikifield.com/games/exercises/wrist-grab-grounding?studio_id=berkeley-pole-+-dance&ref=fb_page_post
5Rhythms Dance with Qibei Berkeley,East Bay,Movement meditation,https://www.facebook.com/5RhythmsQibei,5rhythms-dance-with-qibei-berkeley,https://aikifield.com/games/exercises/?studio_id=5rhythms-dance-with-qibei-berkeley&fb_page_id=5RhythmsQibei&exercise=wrist-grab-grounding&ref=fb_page_post,5Rhythms movement meditation in Berkeley at 2820 Seventh St. Meditation center meets dance instruction. Qibei leads embodiment through 5Rhythms map.,A_Lead_Magnet_Demo,"At 5Rhythms Dance with Qibei Berkeley, you know the feeling of being centered vs. being pulled off-center.

Try this 5-min practice from Richard Moon 6th Dan (student of Robert Nadeau since '71):

WRIST GRAB GROUNDING
Partner · 5 min · Adventures in Aiki-land

A partner grabs your extended wrist and gently pushes, then pulls. Resisting the push lets them pull you easily, resisting the pull lets them push you; relaxing and 'feeling where you are' produces an effortless presence that is harder to move.

At first 50/50 - resist less, ground more. Eventually 50% → 60% ground. DBSO. KeepDoingIt.

You can do it with a real partner OR invisible partner (""we say invisible"").

This is Practice #6 from 20 exclusive practices unavailable anywhere else — daily 5-min guided practices to improve physical performance + creativity.

→ Try it free in the new Moon app (personalized for 5Rhythms Dance with Qibei Berkeley students):

5Rhythms movement meditation in Berkeley at 2820 Seventh St. Meditation center meets dance instruction. Qibei leads embodiment through 5Rhythms map....

👉 https://aikifield.com/games/exercises/?studio_id=5rhythms-dance-with-qibei-berkeley&fb_page_id=5RhythmsQibei&ref=fb_page_post&exercise=wrist-grab-grounding

#aikido #quantumAikido #RobertNadeau #RichardMoon #CreateABeautifulWorld
",5Rhythms Dance with Qibei Berkeley Students: Try Wrist Grab Grounding — Free 5-min,Try It Now,20 EXCLUSIVE PRACTICES,Wrist Grab Grounding,"Partner · 5 min · Adventures in Aiki-land (R. Moon, 2010)",20 exclusive practices by Richard Moon unavailable anywhere else,https://aikifield.com/games/exercises/?studio_id=5rhythms-dance-with-qibei-berkeley&fb_page_id=5RhythmsQibei&exercise=wrist-grab-grounding&ref=fb_page_post,https://aikifield.com/games/exercises/wrist-grab-grounding?studio_id=5rhythms-dance-with-qibei-berkeley&ref=fb_page_post
5Rhythms Dance with Qibei Berkeley,East Bay,Movement meditation,https://www.facebook.com/5RhythmsQibei,5rhythms-dance-with-qibei-berkeley,https://aikifield.com/games/exercises/?studio_id=5rhythms-dance-with-qibei-berkeley&fb_page_id=5RhythmsQibei&exercise=wrist-grab-grounding&ref=fb_page_post,5Rhythms movement meditation in Berkeley at 2820 Seventh St. Meditation center meets dance instruction. Qibei leads embodiment through 5Rhythms map.,B_Invisible_Partner,"No partner? No problem. ""We say invisible.""

WRIST GRAB GROUNDING — the simplest exercise from Quantum Aikido.

How: Extend your wrist. Imaginary partner holds and gently pushes, then pulls. Don't resist — relax and 'feel where you are'. You'll feel an effortless presence that's harder to move.

Movement meditation at 5Rhythms Dance with Qibei Berkeley is about 5rhythms movement meditation in berkeley at 2820 seventh st. meditation center meets dance instructi... This practice adds the missing layer: creativity as a physical skill.

At first 50/50 you resist less and ground more. After a while resistance becomes hard to see from outside but you feel it inside. Eventually 60% ground.

Then:
Feel
into the center
of your central core
even by drops
in ever finer adjustments

— Richard Moon

Free in Moon app — 20 exclusive practices by Richard Moon 6th Dan, unavailable anywhere else.

→ Personalized for 5Rhythms Dance with Qibei Berkeley: https://aikifield.com/games/exercises/?studio_id=5rhythms-dance-with-qibei-berkeley&fb_page_id=5RhythmsQibei&ref=fb_page_post&exercise=wrist-grab-grounding

Practice creativity as a physical skill.
",Move Better. Create More. — 5-min Wrist Grab Practice,Download App,MOVE BETTER. CREATE MORE.,Wrist Grab Grounding,"Partner · 5 min · Adventures in Aiki-land (R. Moon, 2010)",20 exclusive practices by Richard Moon unavailable anywhere else,https://aikifield.com/games/exercises/?studio_id=5rhythms-dance-with-qibei-berkeley&fb_page_id=5RhythmsQibei&exercise=wrist-grab-grounding&ref=fb_page_post,https://aikifield.com/games/exercises/wrist-grab-grounding?studio_id=5rhythms-dance-with-qibei-berkeley&ref=fb_page_post
5Rhythms Dance with Qibei Berkeley,East Bay,Movement meditation,https://www.facebook.com/5RhythmsQibei,5rhythms-dance-with-qibei-berkeley,https://aikifield.com/games/exercises/?studio_id=5rhythms-dance-with-qibei-berkeley&fb_page_id=5RhythmsQibei&exercise=wrist-grab-grounding&ref=fb_page_post,5Rhythms movement meditation in Berkeley at 2820 Seventh St. Meditation center meets dance instruction. Qibei leads embodiment through 5Rhythms map.,C_DBso_KeepDoingIt,"Drop Back, Sink, Open. KeepDoingIt.

The most powerful practice is presented first — and Wrist Grab Grounding is where you feel it with a partner.

Partner grabs your extended wrist, gently pushes then pulls. Resisting push = easy to pull. Resisting pull = easy to push. Relaxing and 'feeling where you are' = effortless presence, harder to move.

East Bay movers at 5Rhythms Dance with Qibei Berkeley — this was made for you. Solo or partner, real or invisible.

DBSO. 50% → 60% ground. KeepDoingIt.

From Quantum Aikido Book of Exercises — 20 exclusive practices unavailable anywhere else to improve physical performance + creativity. Student of Robert Nadeau since '71.

Free 5-min guided version → https://aikifield.com/games/exercises/?studio_id=5rhythms-dance-with-qibei-berkeley&fb_page_id=5RhythmsQibei&ref=fb_page_post&exercise=wrist-grab-grounding

#CreateABeautifulWorld #MoonSensei
",Practice Creativity — Wrist Grab Grounding for 5Rhythms Dance with Qibei Berkeley,Start Free Trial,PRACTICE CREATIVITY,Wrist Grab Grounding,"Partner · 5 min · Adventures in Aiki-land (R. Moon, 2010)",20 exclusive practices by Richard Moon unavailable anywhere else,https://aikifield.com/games/exercises/?studio_id=5rhythms-dance-with-qibei-berkeley&fb_page_id=5RhythmsQibei&exercise=wrist-grab-grounding&ref=fb_page_post,https://aikifield.com/games/exercises/wrist-grab-grounding?studio_id=5rhythms-dance-with-qibei-berkeley&ref=fb_page_post
Move With Studio,East Bay,Pilates studio,https://www.facebook.com/704991539892462,move-with-studio,https://aikifield.com/games/exercises/?studio_id=move-with-studio&fb_page_id=704991539892462&exercise=wrist-grab-grounding&ref=fb_page_post,"Experience transformative wellness at Move With Studio, a hub for strength and holistic well-being. Offering Pilates Fascia Stretch Therapy and Reformer Classes. Join community to move better feel better live better! El Cerrito.",A_Lead_Magnet_Demo,"At Move With Studio, you know the feeling of being centered vs. being pulled off-center.

Try this 5-min practice from Richard Moon 6th Dan (student of Robert Nadeau since '71):

WRIST GRAB GROUNDING
Partner · 5 min · Adventures in Aiki-land

A partner grabs your extended wrist and gently pushes, then pulls. Resisting the push lets them pull you easily, resisting the pull lets them push you; relaxing and 'feeling where you are' produces an effortless presence that is harder to move.

At first 50/50 - resist less, ground more. Eventually 50% → 60% ground. DBSO. KeepDoingIt.

You can do it with a real partner OR invisible partner (""we say invisible"").

This is Practice #6 from 20 exclusive practices unavailable anywhere else — daily 5-min guided practices to improve physical performance + creativity.

→ Try it free in the new Moon app (personalized for Move With Studio students):

Experience transformative wellness at Move With Studio, a hub for strength and holistic well-being. Offering Pilates Fascia Stretch Therapy and Reform...

👉 https://aikifield.com/games/exercises/?studio_id=move-with-studio&fb_page_id=704991539892462&ref=fb_page_post&exercise=wrist-grab-grounding

#aikido #quantumAikido #RobertNadeau #RichardMoon #CreateABeautifulWorld
",Move With Studio Students: Try Wrist Grab Grounding — Free 5-min,Try It Now,20 EXCLUSIVE PRACTICES,Wrist Grab Grounding,"Partner · 5 min · Adventures in Aiki-land (R. Moon, 2010)",20 exclusive practices by Richard Moon unavailable anywhere else,https://aikifield.com/games/exercises/?studio_id=move-with-studio&fb_page_id=704991539892462&exercise=wrist-grab-grounding&ref=fb_page_post,https://aikifield.com/games/exercises/wrist-grab-grounding?studio_id=move-with-studio&ref=fb_page_post
Move With Studio,East Bay,Pilates studio,https://www.facebook.com/704991539892462,move-with-studio,https://aikifield.com/games/exercises/?studio_id=move-with-studio&fb_page_id=704991539892462&exercise=wrist-grab-grounding&ref=fb_page_post,"Experience transformative wellness at Move With Studio, a hub for strength and holistic well-being. Offering Pilates Fascia Stretch Therapy and Reformer Classes. Join community to move better feel better live better! El Cerrito.",B_Invisible_Partner,"No partner? No problem. ""We say invisible.""

WRIST GRAB GROUNDING — the simplest exercise from Quantum Aikido.

How: Extend your wrist. Imaginary partner holds and gently pushes, then pulls. Don't resist — relax and 'feel where you are'. You'll feel an effortless presence that's harder to move.

Pilates studio at Move With Studio is about experience transformative wellness at move with studio, a hub for strength and holistic well-being. ... This practice adds the missing layer: creativity as a physical skill.

At first 50/50 you resist less and ground more. After a while resistance becomes hard to see from outside but you feel it inside. Eventually 60% ground.

Then:
Feel
into the center
of your central core
even by drops
in ever finer adjustments

— Richard Moon

Free in Moon app — 20 exclusive practices by Richard Moon 6th Dan, unavailable anywhere else.

→ Personalized for Move With Studio: https://aikifield.com/games/exercises/?studio_id=move-with-studio&fb_page_id=704991539892462&ref=fb_page_post&exercise=wrist-grab-grounding

Practice creativity as a physical skill.
",Move Better. Create More. — 5-min Wrist Grab Practice,Download App,MOVE BETTER. CREATE MORE.,Wrist Grab Grounding,"Partner · 5 min · Adventures in Aiki-land (R. Moon, 2010)",20 exclusive practices by Richard Moon unavailable anywhere else,https://aikifield.com/games/exercises/?studio_id=move-with-studio&fb_page_id=704991539892462&exercise=wrist-grab-grounding&ref=fb_page_post,https://aikifield.com/games/exercises/wrist-grab-grounding?studio_id=move-with-studio&ref=fb_page_post
Move With Studio,East Bay,Pilates studio,https://www.facebook.com/704991539892462,move-with-studio,https://aikifield.com/games/exercises/?studio_id=move-with-studio&fb_page_id=704991539892462&exercise=wrist-grab-grounding&ref=fb_page_post,"Experience transformative wellness at Move With Studio, a hub for strength and holistic well-being. Offering Pilates Fascia Stretch Therapy and Reformer Classes. Join community to move better feel better live better! El Cerrito.",C_DBso_KeepDoingIt,"Drop Back, Sink, Open. KeepDoingIt.

The most powerful practice is presented first — and Wrist Grab Grounding is where you feel it with a partner.

Partner grabs your extended wrist, gently pushes then pulls. Resisting push = easy to pull. Resisting pull = easy to push. Relaxing and 'feeling where you are' = effortless presence, harder to move.

East Bay movers at Move With Studio — this was made for you. Solo or partner, real or invisible.

DBSO. 50% → 60% ground. KeepDoingIt.

From Quantum Aikido Book of Exercises — 20 exclusive practices unavailable anywhere else to improve physical performance + creativity. Student of Robert Nadeau since '71.

Free 5-min guided version → https://aikifield.com/games/exercises/?studio_id=move-with-studio&fb_page_id=704991539892462&ref=fb_page_post&exercise=wrist-grab-grounding

#CreateABeautifulWorld #MoonSensei
",Practice Creativity — Wrist Grab Grounding for Move With Studio,Start Free Trial,PRACTICE CREATIVITY,Wrist Grab Grounding,"Partner · 5 min · Adventures in Aiki-land (R. Moon, 2010)",20 exclusive practices by Richard Moon unavailable anywhere else,https://aikifield.com/games/exercises/?studio_id=move-with-studio&fb_page_id=704991539892462&exercise=wrist-grab-grounding&ref=fb_page_post,https://aikifield.com/games/exercises/wrist-grab-grounding?studio_id=move-with-studio&ref=fb_page_post
Arise Yoga Oakland,East Bay,Yoga studio,https://www.facebook.com/104469015243758,arise-yoga-oakland,https://aikifield.com/games/exercises/?studio_id=arise-yoga-oakland&fb_page_id=104469015243758&exercise=wrist-grab-grounding&ref=fb_page_post,Arise Yoga stands with our community for social justice. Community-focused yoga sanctuary in Grand Lake with Powerful Vinyasa Restorative Little Yogi. Airy plant-filled space tall ceilings living green wall.,A_Lead_Magnet_Demo,"At Arise Yoga Oakland, you know the feeling of being centered vs. being pulled off-center.

Try this 5-min practice from Richard Moon 6th Dan (student of Robert Nadeau since '71):

WRIST GRAB GROUNDING
Partner · 5 min · Adventures in Aiki-land

A partner grabs your extended wrist and gently pushes, then pulls. Resisting the push lets them pull you easily, resisting the pull lets them push you; relaxing and 'feeling where you are' produces an effortless presence that is harder to move.

At first 50/50 - resist less, ground more. Eventually 50% → 60% ground. DBSO. KeepDoingIt.

You can do it with a real partner OR invisible partner (""we say invisible"").

This is Practice #6 from 20 exclusive practices unavailable anywhere else — daily 5-min guided practices to improve physical performance + creativity.

→ Try it free in the new Moon app (personalized for Arise Yoga Oakland students):

Arise Yoga stands with our community for social justice. Community-focused yoga sanctuary in Grand Lake with Powerful Vinyasa Restorative Little Yogi....

👉 https://aikifield.com/games/exercises/?studio_id=arise-yoga-oakland&fb_page_id=104469015243758&ref=fb_page_post&exercise=wrist-grab-grounding

#aikido #quantumAikido #RobertNadeau #RichardMoon #CreateABeautifulWorld
",Arise Yoga Oakland Students: Try Wrist Grab Grounding — Free 5-min,Try It Now,20 EXCLUSIVE PRACTICES,Wrist Grab Grounding,"Partner · 5 min · Adventures in Aiki-land (R. Moon, 2010)",20 exclusive practices by Richard Moon unavailable anywhere else,https://aikifield.com/games/exercises/?studio_id=arise-yoga-oakland&fb_page_id=104469015243758&exercise=wrist-grab-grounding&ref=fb_page_post,https://aikifield.com/games/exercises/wrist-grab-grounding?studio_id=arise-yoga-oakland&ref=fb_page_post
Arise Yoga Oakland,East Bay,Yoga studio,https://www.facebook.com/104469015243758,arise-yoga-oakland,https://aikifield.com/games/exercises/?studio_id=arise-yoga-oakland&fb_page_id=104469015243758&exercise=wrist-grab-grounding&ref=fb_page_post,Arise Yoga stands with our community for social justice. Community-focused yoga sanctuary in Grand Lake with Powerful Vinyasa Restorative Little Yogi. Airy plant-filled space tall ceilings living green wall.,B_Invisible_Partner,"No partner? No problem. ""We say invisible.""

WRIST GRAB GROUNDING — the simplest exercise from Quantum Aikido.

How: Extend your wrist. Imaginary partner holds and gently pushes, then pulls. Don't resist — relax and 'feel where you are'. You'll feel an effortless presence that's harder to move.

Yoga studio at Arise Yoga Oakland is about arise yoga stands with our community for social justice. community-focused yoga sanctuary in grand l... This practice adds the missing layer: creativity as a physical skill.

At first 50/50 you resist less and ground more. After a while resistance becomes hard to see from outside but you feel it inside. Eventually 60% ground.

Then:
Feel
into the center
of your central core
even by drops
in ever finer adjustments

— Richard Moon

Free in Moon app — 20 exclusive practices by Richard Moon 6th Dan, unavailable anywhere else.

→ Personalized for Arise Yoga Oakland: https://aikifield.com/games/exercises/?studio_id=arise-yoga-oakland&fb_page_id=104469015243758&ref=fb_page_post&exercise=wrist-grab-grounding

Practice creativity as a physical skill.
",Move Better. Create More. — 5-min Wrist Grab Practice,Download App,MOVE BETTER. CREATE MORE.,Wrist Grab Grounding,"Partner · 5 min · Adventures in Aiki-land (R. Moon, 2010)",20 exclusive practices by Richard Moon unavailable anywhere else,https://aikifield.com/games/exercises/?studio_id=arise-yoga-oakland&fb_page_id=104469015243758&exercise=wrist-grab-grounding&ref=fb_page_post,https://aikifield.com/games/exercises/wrist-grab-grounding?studio_id=arise-yoga-oakland&ref=fb_page_post
Arise Yoga Oakland,East Bay,Yoga studio,https://www.facebook.com/104469015243758,arise-yoga-oakland,https://aikifield.com/games/exercises/?studio_id=arise-yoga-oakland&fb_page_id=104469015243758&exercise=wrist-grab-grounding&ref=fb_page_post,Arise Yoga stands with our community for social justice. Community-focused yoga sanctuary in Grand Lake with Powerful Vinyasa Restorative Little Yogi. Airy plant-filled space tall ceilings living green wall.,C_DBso_KeepDoingIt,"Drop Back, Sink, Open. KeepDoingIt.

The most powerful practice is presented first — and Wrist Grab Grounding is where you feel it with a partner.

Partner grabs your extended wrist, gently pushes then pulls. Resisting push = easy to pull. Resisting pull = easy to push. Relaxing and 'feeling where you are' = effortless presence, harder to move.

East Bay movers at Arise Yoga Oakland — this was made for you. Solo or partner, real or invisible.

DBSO. 50% → 60% ground. KeepDoingIt.

From Quantum Aikido Book of Exercises — 20 exclusive practices unavailable anywhere else to improve physical performance + creativity. Student of Robert Nadeau since '71.

Free 5-min guided version → https://aikifield.com/games/exercises/?studio_id=arise-yoga-oakland&fb_page_id=104469015243758&ref=fb_page_post&exercise=wrist-grab-grounding

#CreateABeautifulWorld #MoonSensei
",Practice Creativity — Wrist Grab Grounding for Arise Yoga Oakland,Start Free Trial,PRACTICE CREATIVITY,Wrist Grab Grounding,"Partner · 5 min · Adventures in Aiki-land (R. Moon, 2010)",20 exclusive practices by Richard Moon unavailable anywhere else,https://aikifield.com/games/exercises/?studio_id=arise-yoga-oakland&fb_page_id=104469015243758&exercise=wrist-grab-grounding&ref=fb_page_post,https://aikifield.com/games/exercises/wrist-grab-grounding?studio_id=arise-yoga-oakland&ref=fb_page_post
SoulFlow Oakland,East Bay,Yoga / Dance,https://www.facebook.com/419256708252197,soulflow-oakland,https://aikifield.com/games/exercises/?studio_id=soulflow-oakland&fb_page_id=419256708252197&exercise=wrist-grab-grounding&ref=fb_page_post,Public and Private Yoga Dance & Meditation Instruction. Yoga for your work place or group. Downtown Oakland studio at 405 14th St.,A_Lead_Magnet_Demo,"At SoulFlow Oakland, you know the feeling of being centered vs. being pulled off-center.

Try this 5-min practice from Richard Moon 6th Dan (student of Robert Nadeau since '71):

WRIST GRAB GROUNDING
Partner · 5 min · Adventures in Aiki-land

A partner grabs your extended wrist and gently pushes, then pulls. Resisting the push lets them pull you easily, resisting the pull lets them push you; relaxing and 'feeling where you are' produces an effortless presence that is harder to move.

At first 50/50 - resist less, ground more. Eventually 50% → 60% ground. DBSO. KeepDoingIt.

You can do it with a real partner OR invisible partner (""we say invisible"").

This is Practice #6 from 20 exclusive practices unavailable anywhere else — daily 5-min guided practices to improve physical performance + creativity.

→ Try it free in the new Moon app (personalized for SoulFlow Oakland students):

Public and Private Yoga Dance & Meditation Instruction. Yoga for your work place or group. Downtown Oakland studio at 405 14th St....

👉 https://aikifield.com/games/exercises/?studio_id=soulflow-oakland&fb_page_id=419256708252197&ref=fb_page_post&exercise=wrist-grab-grounding

#aikido #quantumAikido #RobertNadeau #RichardMoon #CreateABeautifulWorld
",SoulFlow Oakland Students: Try Wrist Grab Grounding — Free 5-min,Try It Now,20 EXCLUSIVE PRACTICES,Wrist Grab Grounding,"Partner · 5 min · Adventures in Aiki-land (R. Moon, 2010)",20 exclusive practices by Richard Moon unavailable anywhere else,https://aikifield.com/games/exercises/?studio_id=soulflow-oakland&fb_page_id=419256708252197&exercise=wrist-grab-grounding&ref=fb_page_post,https://aikifield.com/games/exercises/wrist-grab-grounding?studio_id=soulflow-oakland&ref=fb_page_post
SoulFlow Oakland,East Bay,Yoga / Dance,https://www.facebook.com/419256708252197,soulflow-oakland,https://aikifield.com/games/exercises/?studio_id=soulflow-oakland&fb_page_id=419256708252197&exercise=wrist-grab-grounding&ref=fb_page_post,Public and Private Yoga Dance & Meditation Instruction. Yoga for your work place or group. Downtown Oakland studio at 405 14th St.,B_Invisible_Partner,"No partner? No problem. ""We say invisible.""

WRIST GRAB GROUNDING — the simplest exercise from Quantum Aikido.

How: Extend your wrist. Imaginary partner holds and gently pushes, then pulls. Don't resist — relax and 'feel where you are'. You'll feel an effortless presence that's harder to move.

Yoga / Dance at SoulFlow Oakland is about public and private yoga dance & meditation instruction. yoga for your work place or group. downtown ... This practice adds the missing layer: creativity as a physical skill.

At first 50/50 you resist less and ground more. After a while resistance becomes hard to see from outside but you feel it inside. Eventually 60% ground.

Then:
Feel
into the center
of your central core
even by drops
in ever finer adjustments

— Richard Moon

Free in Moon app — 20 exclusive practices by Richard Moon 6th Dan, unavailable anywhere else.

→ Personalized for SoulFlow Oakland: https://aikifield.com/games/exercises/?studio_id=soulflow-oakland&fb_page_id=419256708252197&ref=fb_page_post&exercise=wrist-grab-grounding

Practice creativity as a physical skill.
",Move Better. Create More. — 5-min Wrist Grab Practice,Download App,MOVE BETTER. CREATE MORE.,Wrist Grab Grounding,"Partner · 5 min · Adventures in Aiki-land (R. Moon, 2010)",20 exclusive practices by Richard Moon unavailable anywhere else,https://aikifield.com/games/exercises/?studio_id=soulflow-oakland&fb_page_id=419256708252197&exercise=wrist-grab-grounding&ref=fb_page_post,https://aikifield.com/games/exercises/wrist-grab-grounding?studio_id=soulflow-oakland&ref=fb_page_post
SoulFlow Oakland,East Bay,Yoga / Dance,https://www.facebook.com/419256708252197,soulflow-oakland,https://aikifield.com/games/exercises/?studio_id=soulflow-oakland&fb_page_id=419256708252197&exercise=wrist-grab-grounding&ref=fb_page_post,Public and Private Yoga Dance & Meditation Instruction. Yoga for your work place or group. Downtown Oakland studio at 405 14th St.,C_DBso_KeepDoingIt,"Drop Back, Sink, Open. KeepDoingIt.

The most powerful practice is presented first — and Wrist Grab Grounding is where you feel it with a partner.

Partner grabs your extended wrist, gently pushes then pulls. Resisting push = easy to pull. Resisting pull = easy to push. Relaxing and 'feeling where you are' = effortless presence, harder to move.

East Bay movers at SoulFlow Oakland — this was made for you. Solo or partner, real or invisible.

DBSO. 50% → 60% ground. KeepDoingIt.

From Quantum Aikido Book of Exercises — 20 exclusive practices unavailable anywhere else to improve physical performance + creativity. Student of Robert Nadeau since '71.

Free 5-min guided version → https://aikifield.com/games/exercises/?studio_id=soulflow-oakland&fb_page_id=419256708252197&ref=fb_page_post&exercise=wrist-grab-grounding

#CreateABeautifulWorld #MoonSensei
",Practice Creativity — Wrist Grab Grounding for SoulFlow Oakland,Start Free Trial,PRACTICE CREATIVITY,Wrist Grab Grounding,"Partner · 5 min · Adventures in Aiki-land (R. Moon, 2010)",20 exclusive practices by Richard Moon unavailable anywhere else,https://aikifield.com/games/exercises/?studio_id=soulflow-oakland&fb_page_id=419256708252197&exercise=wrist-grab-grounding&ref=fb_page_post,https://aikifield.com/games/exercises/wrist-grab-grounding?studio_id=soulflow-oakland&ref=fb_page_post
BodyROK East Bay,East Bay,Pilates studio,https://www.facebook.com/452153754638216,bodyrok-east-bay,https://aikifield.com/games/exercises/?studio_id=bodyrok-east-bay&fb_page_id=452153754638216&exercise=wrist-grab-grounding&ref=fb_page_post,"Pilates reformer studio in Grand Lake Oakland. 3303 Lakeshore Ave. High-intensity reformer meets dance beats, energetic boutique fitness.",A_Lead_Magnet_Demo,"At BodyROK East Bay, you know the feeling of being centered vs. being pulled off-center.

Try this 5-min practice from Richard Moon 6th Dan (student of Robert Nadeau since '71):

WRIST GRAB GROUNDING
Partner · 5 min · Adventures in Aiki-land

A partner grabs your extended wrist and gently pushes, then pulls. Resisting the push lets them pull you easily, resisting the pull lets them push you; relaxing and 'feeling where you are' produces an effortless presence that is harder to move.

At first 50/50 - resist less, ground more. Eventually 50% → 60% ground. DBSO. KeepDoingIt.

You can do it with a real partner OR invisible partner (""we say invisible"").

This is Practice #6 from 20 exclusive practices unavailable anywhere else — daily 5-min guided practices to improve physical performance + creativity.

→ Try it free in the new Moon app (personalized for BodyROK East Bay students):

Pilates reformer studio in Grand Lake Oakland. 3303 Lakeshore Ave. High-intensity reformer meets dance beats, energetic boutique fitness....

👉 https://aikifield.com/games/exercises/?studio_id=bodyrok-east-bay&fb_page_id=452153754638216&ref=fb_page_post&exercise=wrist-grab-grounding

#aikido #quantumAikido #RobertNadeau #RichardMoon #CreateABeautifulWorld
",BodyROK East Bay Students: Try Wrist Grab Grounding — Free 5-min,Try It Now,20 EXCLUSIVE PRACTICES,Wrist Grab Grounding,"Partner · 5 min · Adventures in Aiki-land (R. Moon, 2010)",20 exclusive practices by Richard Moon unavailable anywhere else,https://aikifield.com/games/exercises/?studio_id=bodyrok-east-bay&fb_page_id=452153754638216&exercise=wrist-grab-grounding&ref=fb_page_post,https://aikifield.com/games/exercises/wrist-grab-grounding?studio_id=bodyrok-east-bay&ref=fb_page_post
BodyROK East Bay,East Bay,Pilates studio,https://www.facebook.com/452153754638216,bodyrok-east-bay,https://aikifield.com/games/exercises/?studio_id=bodyrok-east-bay&fb_page_id=452153754638216&exercise=wrist-grab-grounding&ref=fb_page_post,"Pilates reformer studio in Grand Lake Oakland. 3303 Lakeshore Ave. High-intensity reformer meets dance beats, energetic boutique fitness.",B_Invisible_Partner,"No partner? No problem. ""We say invisible.""

WRIST GRAB GROUNDING — the simplest exercise from Quantum Aikido.

How: Extend your wrist. Imaginary partner holds and gently pushes, then pulls. Don't resist — relax and 'feel where you are'. You'll feel an effortless presence that's harder to move.

Pilates studio at BodyROK East Bay is about pilates reformer studio in grand lake oakland. 3303 lakeshore ave. high-intensity reformer meets dan... This practice adds the missing layer: creativity as a physical skill.

At first 50/50 you resist less and ground more. After a while resistance becomes hard to see from outside but you feel it inside. Eventually 60% ground.

Then:
Feel
into the center
of your central core
even by drops
in ever finer adjustments

— Richard Moon

Free in Moon app — 20 exclusive practices by Richard Moon 6th Dan, unavailable anywhere else.

→ Personalized for BodyROK East Bay: https://aikifield.com/games/exercises/?studio_id=bodyrok-east-bay&fb_page_id=452153754638216&ref=fb_page_post&exercise=wrist-grab-grounding

Practice creativity as a physical skill.
",Move Better. Create More. — 5-min Wrist Grab Practice,Download App,MOVE BETTER. CREATE MORE.,Wrist Grab Grounding,"Partner · 5 min · Adventures in Aiki-land (R. Moon, 2010)",20 exclusive practices by Richard Moon unavailable anywhere else,https://aikifield.com/games/exercises/?studio_id=bodyrok-east-bay&fb_page_id=452153754638216&exercise=wrist-grab-grounding&ref=fb_page_post,https://aikifield.com/games/exercises/wrist-grab-grounding?studio_id=bodyrok-east-bay&ref=fb_page_post
BodyROK East Bay,East Bay,Pilates studio,https://www.facebook.com/452153754638216,bodyrok-east-bay,https://aikifield.com/games/exercises/?studio_id=bodyrok-east-bay&fb_page_id=452153754638216&exercise=wrist-grab-grounding&ref=fb_page_post,"Pilates reformer studio in Grand Lake Oakland. 3303 Lakeshore Ave. High-intensity reformer meets dance beats, energetic boutique fitness.",C_DBso_KeepDoingIt,"Drop Back, Sink, Open. KeepDoingIt.

The most powerful practice is presented first — and Wrist Grab Grounding is where you feel it with a partner.

Partner grabs your extended wrist, gently pushes then pulls. Resisting push = easy to pull. Resisting pull = easy to push. Relaxing and 'feeling where you are' = effortless presence, harder to move.

East Bay movers at BodyROK East Bay — this was made for you. Solo or partner, real or invisible.

DBSO. 50% → 60% ground. KeepDoingIt.

From Quantum Aikido Book of Exercises — 20 exclusive practices unavailable anywhere else to improve physical performance + creativity. Student of Robert Nadeau since '71.

Free 5-min guided version → https://aikifield.com/games/exercises/?studio_id=bodyrok-east-bay&fb_page_id=452153754638216&ref=fb_page_post&exercise=wrist-grab-grounding

#CreateABeautifulWorld #MoonSensei
",Practice Creativity — Wrist Grab Grounding for BodyROK East Bay,Start Free Trial,PRACTICE CREATIVITY,Wrist Grab Grounding,"Partner · 5 min · Adventures in Aiki-land (R. Moon, 2010)",20 exclusive practices by Richard Moon unavailable anywhere else,https://aikifield.com/games/exercises/?studio_id=bodyrok-east-bay&fb_page_id=452153754638216&exercise=wrist-grab-grounding&ref=fb_page_post,https://aikifield.com/games/exercises/wrist-grab-grounding?studio_id=bodyrok-east-bay&ref=fb_page_post
Savage Jazz Dance Company,East Bay,Dance company,https://www.facebook.com/31686932343,savage-jazz-dance-company,https://aikifield.com/games/exercises/?studio_id=savage-jazz-dance-company&fb_page_id=31686932343&exercise=wrist-grab-grounding&ref=fb_page_post,The Sacramento Bee praised SJDC as the ultimate step for jazz fans. Dino-Ray Ramos described as flawless exploration of jazz music. Fiercely physical finely polished hot elegant and surprising. 4.9 stars 26 reviews. Oakland jazz dance institution at 530 18th St.,A_Lead_Magnet_Demo,"At Savage Jazz Dance Company, you know the feeling of being centered vs. being pulled off-center.

Try this 5-min practice from Richard Moon 6th Dan (student of Robert Nadeau since '71):

WRIST GRAB GROUNDING
Partner · 5 min · Adventures in Aiki-land

A partner grabs your extended wrist and gently pushes, then pulls. Resisting the push lets them pull you easily, resisting the pull lets them push you; relaxing and 'feeling where you are' produces an effortless presence that is harder to move.

At first 50/50 - resist less, ground more. Eventually 50% → 60% ground. DBSO. KeepDoingIt.

You can do it with a real partner OR invisible partner (""we say invisible"").

This is Practice #6 from 20 exclusive practices unavailable anywhere else — daily 5-min guided practices to improve physical performance + creativity.

→ Try it free in the new Moon app (personalized for Savage Jazz Dance Company students):

The Sacramento Bee praised SJDC as the ultimate step for jazz fans. Dino-Ray Ramos described as flawless exploration of jazz music. Fiercely physical ...

👉 https://aikifield.com/games/exercises/?studio_id=savage-jazz-dance-company&fb_page_id=31686932343&ref=fb_page_post&exercise=wrist-grab-grounding

#aikido #quantumAikido #RobertNadeau #RichardMoon #CreateABeautifulWorld
",Savage Jazz Dance Company Students: Try Wrist Grab Grounding — Free 5-min,Try It Now,20 EXCLUSIVE PRACTICES,Wrist Grab Grounding,"Partner · 5 min · Adventures in Aiki-land (R. Moon, 2010)",20 exclusive practices by Richard Moon unavailable anywhere else,https://aikifield.com/games/exercises/?studio_id=savage-jazz-dance-company&fb_page_id=31686932343&exercise=wrist-grab-grounding&ref=fb_page_post,https://aikifield.com/games/exercises/wrist-grab-grounding?studio_id=savage-jazz-dance-company&ref=fb_page_post
Savage Jazz Dance Company,East Bay,Dance company,https://www.facebook.com/31686932343,savage-jazz-dance-company,https://aikifield.com/games/exercises/?studio_id=savage-jazz-dance-company&fb_page_id=31686932343&exercise=wrist-grab-grounding&ref=fb_page_post,The Sacramento Bee praised SJDC as the ultimate step for jazz fans. Dino-Ray Ramos described as flawless exploration of jazz music. Fiercely physical finely polished hot elegant and surprising. 4.9 stars 26 reviews. Oakland jazz dance institution at 530 18th St.,B_Invisible_Partner,"No partner? No problem. ""We say invisible.""

WRIST GRAB GROUNDING — the simplest exercise from Quantum Aikido.

How: Extend your wrist. Imaginary partner holds and gently pushes, then pulls. Don't resist — relax and 'feel where you are'. You'll feel an effortless presence that's harder to move.

Dance company at Savage Jazz Dance Company is about the sacramento bee praised sjdc as the ultimate step for jazz fans. dino-ray ramos described as flaw... This practice adds the missing layer: creativity as a physical skill.

At first 50/50 you resist less and ground more. After a while resistance becomes hard to see from outside but you feel it inside. Eventually 60% ground.

Then:
Feel
into the center
of your central core
even by drops
in ever finer adjustments

— Richard Moon

Free in Moon app — 20 exclusive practices by Richard Moon 6th Dan, unavailable anywhere else.

→ Personalized for Savage Jazz Dance Company: https://aikifield.com/games/exercises/?studio_id=savage-jazz-dance-company&fb_page_id=31686932343&ref=fb_page_post&exercise=wrist-grab-grounding

Practice creativity as a physical skill.
",Move Better. Create More. — 5-min Wrist Grab Practice,Download App,MOVE BETTER. CREATE MORE.,Wrist Grab Grounding,"Partner · 5 min · Adventures in Aiki-land (R. Moon, 2010)",20 exclusive practices by Richard Moon unavailable anywhere else,https://aikifield.com/games/exercises/?studio_id=savage-jazz-dance-company&fb_page_id=31686932343&exercise=wrist-grab-grounding&ref=fb_page_post,https://aikifield.com/games/exercises/wrist-grab-grounding?studio_id=savage-jazz-dance-company&ref=fb_page_post
Savage Jazz Dance Company,East Bay,Dance company,https://www.facebook.com/31686932343,savage-jazz-dance-company,https://aikifield.com/games/exercises/?studio_id=savage-jazz-dance-company&fb_page_id=31686932343&exercise=wrist-grab-grounding&ref=fb_page_post,The Sacramento Bee praised SJDC as the ultimate step for jazz fans. Dino-Ray Ramos described as flawless exploration of jazz music. Fiercely physical finely polished hot elegant and surprising. 4.9 stars 26 reviews. Oakland jazz dance institution at 530 18th St.,C_DBso_KeepDoingIt,"Drop Back, Sink, Open. KeepDoingIt.

The most powerful practice is presented first — and Wrist Grab Grounding is where you feel it with a partner.

Partner grabs your extended wrist, gently pushes then pulls. Resisting push = easy to pull. Resisting pull = easy to push. Relaxing and 'feeling where you are' = effortless presence, harder to move.

East Bay movers at Savage Jazz Dance Company — this was made for you. Solo or partner, real or invisible.

DBSO. 50% → 60% ground. KeepDoingIt.

From Quantum Aikido Book of Exercises — 20 exclusive practices unavailable anywhere else to improve physical performance + creativity. Student of Robert Nadeau since '71.

Free 5-min guided version → https://aikifield.com/games/exercises/?studio_id=savage-jazz-dance-company&fb_page_id=31686932343&ref=fb_page_post&exercise=wrist-grab-grounding

#CreateABeautifulWorld #MoonSensei
",Practice Creativity — Wrist Grab Grounding for Savage Jazz Dance Company,Start Free Trial,PRACTICE CREATIVITY,Wrist Grab Grounding,"Partner · 5 min · Adventures in Aiki-land (R. Moon, 2010)",20 exclusive practices by Richard Moon unavailable anywhere else,https://aikifield.com/games/exercises/?studio_id=savage-jazz-dance-company&fb_page_id=31686932343&exercise=wrist-grab-grounding&ref=fb_page_post,https://aikifield.com/games/exercises/wrist-grab-grounding?studio_id=savage-jazz-dance-company&ref=fb_page_post
Oakland Pole and Dance,East Bay,Pole Dance,https://www.facebook.com/OaklandPoleandDance,oakland-pole-and-dance,https://aikifield.com/games/exercises/?studio_id=oakland-pole-and-dance&fb_page_id=OaklandPoleandDance&exercise=wrist-grab-grounding&ref=fb_page_post,362 Grand Ave Oakland. Open 6am-11pm daily. Pole and dance instruction studio with expansive hours.,A_Lead_Magnet_Demo,"At Oakland Pole and Dance, you know the feeling of being centered vs. being pulled off-center.

Try this 5-min practice from Richard Moon 6th Dan (student of Robert Nadeau since '71):

WRIST GRAB GROUNDING
Partner · 5 min · Adventures in Aiki-land

A partner grabs your extended wrist and gently pushes, then pulls. Resisting the push lets them pull you easily, resisting the pull lets them push you; relaxing and 'feeling where you are' produces an effortless presence that is harder to move.

At first 50/50 - resist less, ground more. Eventually 50% → 60% ground. DBSO. KeepDoingIt.

You can do it with a real partner OR invisible partner (""we say invisible"").

This is Practice #6 from 20 exclusive practices unavailable anywhere else — daily 5-min guided practices to improve physical performance + creativity.

→ Try it free in the new Moon app (personalized for Oakland Pole and Dance students):

362 Grand Ave Oakland. Open 6am-11pm daily. Pole and dance instruction studio with expansive hours....

👉 https://aikifield.com/games/exercises/?studio_id=oakland-pole-and-dance&fb_page_id=OaklandPoleandDance&ref=fb_page_post&exercise=wrist-grab-grounding

#aikido #quantumAikido #RobertNadeau #RichardMoon #CreateABeautifulWorld
",Oakland Pole and Dance Students: Try Wrist Grab Grounding — Free 5-min,Try It Now,20 EXCLUSIVE PRACTICES,Wrist Grab Grounding,"Partner · 5 min · Adventures in Aiki-land (R. Moon, 2010)",20 exclusive practices by Richard Moon unavailable anywhere else,https://aikifield.com/games/exercises/?studio_id=oakland-pole-and-dance&fb_page_id=OaklandPoleandDance&exercise=wrist-grab-grounding&ref=fb_page_post,https://aikifield.com/games/exercises/wrist-grab-grounding?studio_id=oakland-pole-and-dance&ref=fb_page_post
Oakland Pole and Dance,East Bay,Pole Dance,https://www.facebook.com/OaklandPoleandDance,oakland-pole-and-dance,https://aikifield.com/games/exercises/?studio_id=oakland-pole-and-dance&fb_page_id=OaklandPoleandDance&exercise=wrist-grab-grounding&ref=fb_page_post,362 Grand Ave Oakland. Open 6am-11pm daily. Pole and dance instruction studio with expansive hours.,B_Invisible_Partner,"No partner? No problem. ""We say invisible.""

WRIST GRAB GROUNDING — the simplest exercise from Quantum Aikido.

How: Extend your wrist. Imaginary partner holds and gently pushes, then pulls. Don't resist — relax and 'feel where you are'. You'll feel an effortless presence that's harder to move.

Pole Dance at Oakland Pole and Dance is about 362 grand ave oakland. open 6am-11pm daily. pole and dance instruction studio with expansive hours.... This practice adds the missing layer: creativity as a physical skill.

At first 50/50 you resist less and ground more. After a while resistance becomes hard to see from outside but you feel it inside. Eventually 60% ground.

Then:
Feel
into the center
of your central core
even by drops
in ever finer adjustments

— Richard Moon

Free in Moon app — 20 exclusive practices by Richard Moon 6th Dan, unavailable anywhere else.

→ Personalized for Oakland Pole and Dance: https://aikifield.com/games/exercises/?studio_id=oakland-pole-and-dance&fb_page_id=OaklandPoleandDance&ref=fb_page_post&exercise=wrist-grab-grounding

Practice creativity as a physical skill.
",Move Better. Create More. — 5-min Wrist Grab Practice,Download App,MOVE BETTER. CREATE MORE.,Wrist Grab Grounding,"Partner · 5 min · Adventures in Aiki-land (R. Moon, 2010)",20 exclusive practices by Richard Moon unavailable anywhere else,https://aikifield.com/games/exercises/?studio_id=oakland-pole-and-dance&fb_page_id=OaklandPoleandDance&exercise=wrist-grab-grounding&ref=fb_page_post,https://aikifield.com/games/exercises/wrist-grab-grounding?studio_id=oakland-pole-and-dance&ref=fb_page_post
Oakland Pole and Dance,East Bay,Pole Dance,https://www.facebook.com/OaklandPoleandDance,oakland-pole-and-dance,https://aikifield.com/games/exercises/?studio_id=oakland-pole-and-dance&fb_page_id=OaklandPoleandDance&exercise=wrist-grab-grounding&ref=fb_page_post,362 Grand Ave Oakland. Open 6am-11pm daily. Pole and dance instruction studio with expansive hours.,C_DBso_KeepDoingIt,"Drop Back, Sink, Open. KeepDoingIt.

The most powerful practice is presented first — and Wrist Grab Grounding is where you feel it with a partner.

Partner grabs your extended wrist, gently pushes then pulls. Resisting push = easy to pull. Resisting pull = easy to push. Relaxing and 'feeling where you are' = effortless presence, harder to move.

East Bay movers at Oakland Pole and Dance — this was made for you. Solo or partner, real or invisible.

DBSO. 50% → 60% ground. KeepDoingIt.

From Quantum Aikido Book of Exercises — 20 exclusive practices unavailable anywhere else to improve physical performance + creativity. Student of Robert Nadeau since '71.

Free 5-min guided version → https://aikifield.com/games/exercises/?studio_id=oakland-pole-and-dance&fb_page_id=OaklandPoleandDance&ref=fb_page_post&exercise=wrist-grab-grounding

#CreateABeautifulWorld #MoonSensei
",Practice Creativity — Wrist Grab Grounding for Oakland Pole and Dance,Start Free Trial,PRACTICE CREATIVITY,Wrist Grab Grounding,"Partner · 5 min · Adventures in Aiki-land (R. Moon, 2010)",20 exclusive practices by Richard Moon unavailable anywhere else,https://aikifield.com/games/exercises/?studio_id=oakland-pole-and-dance&fb_page_id=OaklandPoleandDance&exercise=wrist-grab-grounding&ref=fb_page_post,https://aikifield.com/games/exercises/wrist-grab-grounding?studio_id=oakland-pole-and-dance&ref=fb_page_post
SilKi Movement Studios,East Bay,Movement studio,https://www.facebook.com/SilKiMovementStudios,silki-movement-studios,https://aikifield.com/games/exercises/?studio_id=silki-movement-studios&fb_page_id=SilKiMovementStudios&exercise=wrist-grab-grounding&ref=fb_page_post,SilKi Movement Studios at 1035 22nd Ave #17 Oakland. Boutique dance instruction and movement lab.,A_Lead_Magnet_Demo,"At SilKi Movement Studios, you know the feeling of being centered vs. being pulled off-center.

Try this 5-min practice from Richard Moon 6th Dan (student of Robert Nadeau since '71):

WRIST GRAB GROUNDING
Partner · 5 min · Adventures in Aiki-land

A partner grabs your extended wrist and gently pushes, then pulls. Resisting the push lets them pull you easily, resisting the pull lets them push you; relaxing and 'feeling where you are' produces an effortless presence that is harder to move.

At first 50/50 - resist less, ground more. Eventually 50% → 60% ground. DBSO. KeepDoingIt.

You can do it with a real partner OR invisible partner (""we say invisible"").

This is Practice #6 from 20 exclusive practices unavailable anywhere else — daily 5-min guided practices to improve physical performance + creativity.

→ Try it free in the new Moon app (personalized for SilKi Movement Studios students):

SilKi Movement Studios at 1035 22nd Ave #17 Oakland. Boutique dance instruction and movement lab....

👉 https://aikifield.com/games/exercises/?studio_id=silki-movement-studios&fb_page_id=SilKiMovementStudios&ref=fb_page_post&exercise=wrist-grab-grounding

#aikido #quantumAikido #RobertNadeau #RichardMoon #CreateABeautifulWorld
",SilKi Movement Studios Students: Try Wrist Grab Grounding — Free 5-min,Try It Now,20 EXCLUSIVE PRACTICES,Wrist Grab Grounding,"Partner · 5 min · Adventures in Aiki-land (R. Moon, 2010)",20 exclusive practices by Richard Moon unavailable anywhere else,https://aikifield.com/games/exercises/?studio_id=silki-movement-studios&fb_page_id=SilKiMovementStudios&exercise=wrist-grab-grounding&ref=fb_page_post,https://aikifield.com/games/exercises/wrist-grab-grounding?studio_id=silki-movement-studios&ref=fb_page_post
SilKi Movement Studios,East Bay,Movement studio,https://www.facebook.com/SilKiMovementStudios,silki-movement-studios,https://aikifield.com/games/exercises/?studio_id=silki-movement-studios&fb_page_id=SilKiMovementStudios&exercise=wrist-grab-grounding&ref=fb_page_post,SilKi Movement Studios at 1035 22nd Ave #17 Oakland. Boutique dance instruction and movement lab.,B_Invisible_Partner,"No partner? No problem. ""We say invisible.""

WRIST GRAB GROUNDING — the simplest exercise from Quantum Aikido.

How: Extend your wrist. Imaginary partner holds and gently pushes, then pulls. Don't resist — relax and 'feel where you are'. You'll feel an effortless presence that's harder to move.

Movement studio at SilKi Movement Studios is about silki movement studios at 1035 22nd ave #17 oakland. boutique dance instruction and movement lab.... This practice adds the missing layer: creativity as a physical skill.

At first 50/50 you resist less and ground more. After a while resistance becomes hard to see from outside but you feel it inside. Eventually 60% ground.

Then:
Feel
into the center
of your central core
even by drops
in ever finer adjustments

— Richard Moon

Free in Moon app — 20 exclusive practices by Richard Moon 6th Dan, unavailable anywhere else.

→ Personalized for SilKi Movement Studios: https://aikifield.com/games/exercises/?studio_id=silki-movement-studios&fb_page_id=SilKiMovementStudios&ref=fb_page_post&exercise=wrist-grab-grounding

Practice creativity as a physical skill.
",Move Better. Create More. — 5-min Wrist Grab Practice,Download App,MOVE BETTER. CREATE MORE.,Wrist Grab Grounding,"Partner · 5 min · Adventures in Aiki-land (R. Moon, 2010)",20 exclusive practices by Richard Moon unavailable anywhere else,https://aikifield.com/games/exercises/?studio_id=silki-movement-studios&fb_page_id=SilKiMovementStudios&exercise=wrist-grab-grounding&ref=fb_page_post,https://aikifield.com/games/exercises/wrist-grab-grounding?studio_id=silki-movement-studios&ref=fb_page_post
SilKi Movement Studios,East Bay,Movement studio,https://www.facebook.com/SilKiMovementStudios,silki-movement-studios,https://aikifield.com/games/exercises/?studio_id=silki-movement-studios&fb_page_id=SilKiMovementStudios&exercise=wrist-grab-grounding&ref=fb_page_post,SilKi Movement Studios at 1035 22nd Ave #17 Oakland. Boutique dance instruction and movement lab.,C_DBso_KeepDoingIt,"Drop Back, Sink, Open. KeepDoingIt.

The most powerful practice is presented first — and Wrist Grab Grounding is where you feel it with a partner.

Partner grabs your extended wrist, gently pushes then pulls. Resisting push = easy to pull. Resisting pull = easy to push. Relaxing and 'feeling where you are' = effortless presence, harder to move.

East Bay movers at SilKi Movement Studios — this was made for you. Solo or partner, real or invisible.

DBSO. 50% → 60% ground. KeepDoingIt.

From Quantum Aikido Book of Exercises — 20 exclusive practices unavailable anywhere else to improve physical performance + creativity. Student of Robert Nadeau since '71.

Free 5-min guided version → https://aikifield.com/games/exercises/?studio_id=silki-movement-studios&fb_page_id=SilKiMovementStudios&ref=fb_page_post&exercise=wrist-grab-grounding

#CreateABeautifulWorld #MoonSensei
",Practice Creativity — Wrist Grab Grounding for SilKi Movement Studios,Start Free Trial,PRACTICE CREATIVITY,Wrist Grab Grounding,"Partner · 5 min · Adventures in Aiki-land (R. Moon, 2010)",20 exclusive practices by Richard Moon unavailable anywhere else,https://aikifield.com/games/exercises/?studio_id=silki-movement-studios&fb_page_id=SilKiMovementStudios&exercise=wrist-grab-grounding&ref=fb_page_post,https://aikifield.com/games/exercises/wrist-grab-grounding?studio_id=silki-movement-studios&ref=fb_page_post
Hipline Oakland,East Bay,Dance fitness,https://www.facebook.com/Hipline,hipline-oakland,https://aikifield.com/games/exercises/?studio_id=hipline-oakland&fb_page_id=Hipline&exercise=wrist-grab-grounding&ref=fb_page_post,Hipline at 3270 Lakeshore Ave Oakland - dance fitness sanctuary blending movement and empowerment. Bellydance inspired fitness classes.,A_Lead_Magnet_Demo,"At Hipline Oakland, you know the feeling of being centered vs. being pulled off-center.

Try this 5-min practice from Richard Moon 6th Dan (student of Robert Nadeau since '71):

WRIST GRAB GROUNDING
Partner · 5 min · Adventures in Aiki-land

A partner grabs your extended wrist and gently pushes, then pulls. Resisting the push lets them pull you easily, resisting the pull lets them push you; relaxing and 'feeling where you are' produces an effortless presence that is harder to move.

At first 50/50 - resist less, ground more. Eventually 50% → 60% ground. DBSO. KeepDoingIt.

You can do it with a real partner OR invisible partner (""we say invisible"").

This is Practice #6 from 20 exclusive practices unavailable anywhere else — daily 5-min guided practices to improve physical performance + creativity.

→ Try it free in the new Moon app (personalized for Hipline Oakland students):

Hipline at 3270 Lakeshore Ave Oakland - dance fitness sanctuary blending movement and empowerment. Bellydance inspired fitness classes....

👉 https://aikifield.com/games/exercises/?studio_id=hipline-oakland&fb_page_id=Hipline&ref=fb_page_post&exercise=wrist-grab-grounding

#aikido #quantumAikido #RobertNadeau #RichardMoon #CreateABeautifulWorld
",Hipline Oakland Students: Try Wrist Grab Grounding — Free 5-min,Try It Now,20 EXCLUSIVE PRACTICES,Wrist Grab Grounding,"Partner · 5 min · Adventures in Aiki-land (R. Moon, 2010)",20 exclusive practices by Richard Moon unavailable anywhere else,https://aikifield.com/games/exercises/?studio_id=hipline-oakland&fb_page_id=Hipline&exercise=wrist-grab-grounding&ref=fb_page_post,https://aikifield.com/games/exercises/wrist-grab-grounding?studio_id=hipline-oakland&ref=fb_page_post
Hipline Oakland,East Bay,Dance fitness,https://www.facebook.com/Hipline,hipline-oakland,https://aikifield.com/games/exercises/?studio_id=hipline-oakland&fb_page_id=Hipline&exercise=wrist-grab-grounding&ref=fb_page_post,Hipline at 3270 Lakeshore Ave Oakland - dance fitness sanctuary blending movement and empowerment. Bellydance inspired fitness classes.,B_Invisible_Partner,"No partner? No problem. ""We say invisible.""

WRIST GRAB GROUNDING — the simplest exercise from Quantum Aikido.

How: Extend your wrist. Imaginary partner holds and gently pushes, then pulls. Don't resist — relax and 'feel where you are'. You'll feel an effortless presence that's harder to move.

Dance fitness at Hipline Oakland is about hipline at 3270 lakeshore ave oakland - dance fitness sanctuary blending movement and empowerment. b... This practice adds the missing layer: creativity as a physical skill.

At first 50/50 you resist less and ground more. After a while resistance becomes hard to see from outside but you feel it inside. Eventually 60% ground.

Then:
Feel
into the center
of your central core
even by drops
in ever finer adjustments

— Richard Moon

Free in Moon app — 20 exclusive practices by Richard Moon 6th Dan, unavailable anywhere else.

→ Personalized for Hipline Oakland: https://aikifield.com/games/exercises/?studio_id=hipline-oakland&fb_page_id=Hipline&ref=fb_page_post&exercise=wrist-grab-grounding

Practice creativity as a physical skill.
",Move Better. Create More. — 5-min Wrist Grab Practice,Download App,MOVE BETTER. CREATE MORE.,Wrist Grab Grounding,"Partner · 5 min · Adventures in Aiki-land (R. Moon, 2010)",20 exclusive practices by Richard Moon unavailable anywhere else,https://aikifield.com/games/exercises/?studio_id=hipline-oakland&fb_page_id=Hipline&exercise=wrist-grab-grounding&ref=fb_page_post,https://aikifield.com/games/exercises/wrist-grab-grounding?studio_id=hipline-oakland&ref=fb_page_post
Hipline Oakland,East Bay,Dance fitness,https://www.facebook.com/Hipline,hipline-oakland,https://aikifield.com/games/exercises/?studio_id=hipline-oakland&fb_page_id=Hipline&exercise=wrist-grab-grounding&ref=fb_page_post,Hipline at 3270 Lakeshore Ave Oakland - dance fitness sanctuary blending movement and empowerment. Bellydance inspired fitness classes.,C_DBso_KeepDoingIt,"Drop Back, Sink, Open. KeepDoingIt.

The most powerful practice is presented first — and Wrist Grab Grounding is where you feel it with a partner.

Partner grabs your extended wrist, gently pushes then pulls. Resisting push = easy to pull. Resisting pull = easy to push. Relaxing and 'feeling where you are' = effortless presence, harder to move.

East Bay movers at Hipline Oakland — this was made for you. Solo or partner, real or invisible.

DBSO. 50% → 60% ground. KeepDoingIt.

From Quantum Aikido Book of Exercises — 20 exclusive practices unavailable anywhere else to improve physical performance + creativity. Student of Robert Nadeau since '71.

Free 5-min guided version → https://aikifield.com/games/exercises/?studio_id=hipline-oakland&fb_page_id=Hipline&ref=fb_page_post&exercise=wrist-grab-grounding

#CreateABeautifulWorld #MoonSensei
",Practice Creativity — Wrist Grab Grounding for Hipline Oakland,Start Free Trial,PRACTICE CREATIVITY,Wrist Grab Grounding,"Partner · 5 min · Adventures in Aiki-land (R. Moon, 2010)",20 exclusive practices by Richard Moon unavailable anywhere else,https://aikifield.com/games/exercises/?studio_id=hipline-oakland&fb_page_id=Hipline&exercise=wrist-grab-grounding&ref=fb_page_post,https://aikifield.com/games/exercises/wrist-grab-grounding?studio_id=hipline-oakland&ref=fb_page_post
Aikido Shinryukan Burnside Dojo - Seiryukan,Christchurch NZ,Aikido dojo,https://www.facebook.com/194171057065,aikido-shinryukan-burnside-dojo---seiryukan,https://aikifield.com/games/exercises/?studio_id=aikido-shinryukan-burnside-dojo---seiryukan&fb_page_id=194171057065&exercise=wrist-grab-grounding&ref=fb_page_post,Aikido Seiryukan is the South Island's largest Aikido club. Burnside Dojo at 345 Clyde Rd. 4.9 stars 11 reviews. Traditional community dojo welcoming all levels.,A_Lead_Magnet_Demo,"At Aikido Shinryukan Burnside Dojo - Seiryukan, you know the feeling of being centered vs. being pulled off-center.

Try this 5-min practice from Richard Moon 6th Dan (student of Robert Nadeau since '71):

WRIST GRAB GROUNDING
Partner · 5 min · Adventures in Aiki-land

A partner grabs your extended wrist and gently pushes, then pulls. Resisting the push lets them pull you easily, resisting the pull lets them push you; relaxing and 'feeling where you are' produces an effortless presence that is harder to move.

At first 50/50 - resist less, ground more. Eventually 50% → 60% ground. DBSO. KeepDoingIt.

You can do it with a real partner OR invisible partner (""we say invisible"").

This is Practice #6 from 20 exclusive practices unavailable anywhere else — daily 5-min guided practices to improve physical performance + creativity.

→ Try it free in the new Moon app (personalized for Aikido Shinryukan Burnside Dojo - Seiryukan students):

Aikido Seiryukan is the South Island's largest Aikido club. Burnside Dojo at 345 Clyde Rd. 4.9 stars 11 reviews. Traditional community dojo welcoming ...

👉 https://aikifield.com/games/exercises/?studio_id=aikido-shinryukan-burnside-dojo---seiryukan&fb_page_id=194171057065&ref=fb_page_post&exercise=wrist-grab-grounding

#aikido #quantumAikido #RobertNadeau #RichardMoon #CreateABeautifulWorld
",Aikido Shinryukan Burnside Dojo - Seiryukan Students: Try Wrist Grab Grounding — Free 5-min,Try It Now,20 EXCLUSIVE PRACTICES,Wrist Grab Grounding,"Partner · 5 min · Adventures in Aiki-land (R. Moon, 2010)",20 exclusive practices by Richard Moon unavailable anywhere else,https://aikifield.com/games/exercises/?studio_id=aikido-shinryukan-burnside-dojo---seiryukan&fb_page_id=194171057065&exercise=wrist-grab-grounding&ref=fb_page_post,https://aikifield.com/games/exercises/wrist-grab-grounding?studio_id=aikido-shinryukan-burnside-dojo---seiryukan&ref=fb_page_post
Aikido Shinryukan Burnside Dojo - Seiryukan,Christchurch NZ,Aikido dojo,https://www.facebook.com/194171057065,aikido-shinryukan-burnside-dojo---seiryukan,https://aikifield.com/games/exercises/?studio_id=aikido-shinryukan-burnside-dojo---seiryukan&fb_page_id=194171057065&exercise=wrist-grab-grounding&ref=fb_page_post,Aikido Seiryukan is the South Island's largest Aikido club. Burnside Dojo at 345 Clyde Rd. 4.9 stars 11 reviews. Traditional community dojo welcoming all levels.,B_Invisible_Partner,"No partner? No problem. ""We say invisible.""

WRIST GRAB GROUNDING — the simplest exercise from Quantum Aikido.

How: Extend your wrist. Imaginary partner holds and gently pushes, then pulls. Don't resist — relax and 'feel where you are'. You'll feel an effortless presence that's harder to move.

Aikido dojo at Aikido Shinryukan Burnside Dojo - Seiryukan is about aikido seiryukan is the south island's largest aikido club. burnside dojo at 345 clyde rd. 4.9 stars... This practice adds the missing layer: creativity as a physical skill.

At first 50/50 you resist less and ground more. After a while resistance becomes hard to see from outside but you feel it inside. Eventually 60% ground.

Then:
Feel
into the center
of your central core
even by drops
in ever finer adjustments

— Richard Moon

Free in Moon app — 20 exclusive practices by Richard Moon 6th Dan, unavailable anywhere else.

→ Personalized for Aikido Shinryukan Burnside Dojo - Seiryukan: https://aikifield.com/games/exercises/?studio_id=aikido-shinryukan-burnside-dojo---seiryukan&fb_page_id=194171057065&ref=fb_page_post&exercise=wrist-grab-grounding

Practice creativity as a physical skill.
",Move Better. Create More. — 5-min Wrist Grab Practice,Download App,MOVE BETTER. CREATE MORE.,Wrist Grab Grounding,"Partner · 5 min · Adventures in Aiki-land (R. Moon, 2010)",20 exclusive practices by Richard Moon unavailable anywhere else,https://aikifield.com/games/exercises/?studio_id=aikido-shinryukan-burnside-dojo---seiryukan&fb_page_id=194171057065&exercise=wrist-grab-grounding&ref=fb_page_post,https://aikifield.com/games/exercises/wrist-grab-grounding?studio_id=aikido-shinryukan-burnside-dojo---seiryukan&ref=fb_page_post
Aikido Shinryukan Burnside Dojo - Seiryukan,Christchurch NZ,Aikido dojo,https://www.facebook.com/194171057065,aikido-shinryukan-burnside-dojo---seiryukan,https://aikifield.com/games/exercises/?studio_id=aikido-shinryukan-burnside-dojo---seiryukan&fb_page_id=194171057065&exercise=wrist-grab-grounding&ref=fb_page_post,Aikido Seiryukan is the South Island's largest Aikido club. Burnside Dojo at 345 Clyde Rd. 4.9 stars 11 reviews. Traditional community dojo welcoming all levels.,C_DBso_KeepDoingIt,"Drop Back, Sink, Open. KeepDoingIt.

The most powerful practice is presented first — and Wrist Grab Grounding is where you feel it with a partner.

Partner grabs your extended wrist, gently pushes then pulls. Resisting push = easy to pull. Resisting pull = easy to push. Relaxing and 'feeling where you are' = effortless presence, harder to move.

Christchurch NZ movers at Aikido Shinryukan Burnside Dojo - Seiryukan — this was made for you. Solo or partner, real or invisible.

DBSO. 50% → 60% ground. KeepDoingIt.

From Quantum Aikido Book of Exercises — 20 exclusive practices unavailable anywhere else to improve physical performance + creativity. Student of Robert Nadeau since '71.

Free 5-min guided version → https://aikifield.com/games/exercises/?studio_id=aikido-shinryukan-burnside-dojo---seiryukan&fb_page_id=194171057065&ref=fb_page_post&exercise=wrist-grab-grounding

#CreateABeautifulWorld #MoonSensei
",Practice Creativity — Wrist Grab Grounding for Aikido Shinryukan Burnside Dojo - Seiryukan,Start Free Trial,PRACTICE CREATIVITY,Wrist Grab Grounding,"Partner · 5 min · Adventures in Aiki-land (R. Moon, 2010)",20 exclusive practices by Richard Moon unavailable anywhere else,https://aikifield.com/games/exercises/?studio_id=aikido-shinryukan-burnside-dojo---seiryukan&fb_page_id=194171057065&exercise=wrist-grab-grounding&ref=fb_page_post,https://aikifield.com/games/exercises/wrist-grab-grounding?studio_id=aikido-shinryukan-burnside-dojo---seiryukan&ref=fb_page_post
Movement Studio Rolleston - Movement is Medicine,Canterbury NZ,Pilates / Massage,https://www.facebook.com/392087161393725,movement-studio-rolleston---movement-is-medicine,https://aikifield.com/games/exercises/?studio_id=movement-studio-rolleston---movement-is-medicine&fb_page_id=392087161393725&exercise=wrist-grab-grounding&ref=fb_page_post,Welcome to the Movement Studio! We specialise in Remedial Massage Therapy and Reformer Pilates and are great believers in Movement is Medicine. Goal is to help as many people as we can to enjoy pain free movement everyday regardless of age or ability in positive safe supportive environment. Rolleston Canterbury.,A_Lead_Magnet_Demo,"At Movement Studio Rolleston - Movement is Medicine, you know the feeling of being centered vs. being pulled off-center.

Try this 5-min practice from Richard Moon 6th Dan (student of Robert Nadeau since '71):

WRIST GRAB GROUNDING
Partner · 5 min · Adventures in Aiki-land

A partner grabs your extended wrist and gently pushes, then pulls. Resisting the push lets them pull you easily, resisting the pull lets them push you; relaxing and 'feeling where you are' produces an effortless presence that is harder to move.

At first 50/50 - resist less, ground more. Eventually 50% → 60% ground. DBSO. KeepDoingIt.

You can do it with a real partner OR invisible partner (""we say invisible"").

This is Practice #6 from 20 exclusive practices unavailable anywhere else — daily 5-min guided practices to improve physical performance + creativity.

→ Try it free in the new Moon app (personalized for Movement Studio Rolleston - Movement is Medicine students):

Welcome to the Movement Studio! We specialise in Remedial Massage Therapy and Reformer Pilates and are great believers in Movement is Medicine. Goal i...

👉 https://aikifield.com/games/exercises/?studio_id=movement-studio-rolleston---movement-is-medicine&fb_page_id=392087161393725&ref=fb_page_post&exercise=wrist-grab-grounding

#aikido #quantumAikido #RobertNadeau #RichardMoon #CreateABeautifulWorld
",Movement Studio Rolleston - Movement is Medicine Students: Try Wrist Grab Grounding — Free 5-min,Try It Now,20 EXCLUSIVE PRACTICES,Wrist Grab Grounding,"Partner · 5 min · Adventures in Aiki-land (R. Moon, 2010)",20 exclusive practices by Richard Moon unavailable anywhere else,https://aikifield.com/games/exercises/?studio_id=movement-studio-rolleston---movement-is-medicine&fb_page_id=392087161393725&exercise=wrist-grab-grounding&ref=fb_page_post,https://aikifield.com/games/exercises/wrist-grab-grounding?studio_id=movement-studio-rolleston---movement-is-medicine&ref=fb_page_post
Movement Studio Rolleston - Movement is Medicine,Canterbury NZ,Pilates / Massage,https://www.facebook.com/392087161393725,movement-studio-rolleston---movement-is-medicine,https://aikifield.com/games/exercises/?studio_id=movement-studio-rolleston---movement-is-medicine&fb_page_id=392087161393725&exercise=wrist-grab-grounding&ref=fb_page_post,Welcome to the Movement Studio! We specialise in Remedial Massage Therapy and Reformer Pilates and are great believers in Movement is Medicine. Goal is to help as many people as we can to enjoy pain free movement everyday regardless of age or ability in positive safe supportive environment. Rolleston Canterbury.,B_Invisible_Partner,"No partner? No problem. ""We say invisible.""

WRIST GRAB GROUNDING — the simplest exercise from Quantum Aikido.

How: Extend your wrist. Imaginary partner holds and gently pushes, then pulls. Don't resist — relax and 'feel where you are'. You'll feel an effortless presence that's harder to move.

Pilates / Massage at Movement Studio Rolleston - Movement is Medicine is about welcome to the movement studio! we specialise in remedial massage therapy and reformer pilates and a... This practice adds the missing layer: creativity as a physical skill.

At first 50/50 you resist less and ground more. After a while resistance becomes hard to see from outside but you feel it inside. Eventually 60% ground.

Then:
Feel
into the center
of your central core
even by drops
in ever finer adjustments

— Richard Moon

Free in Moon app — 20 exclusive practices by Richard Moon 6th Dan, unavailable anywhere else.

→ Personalized for Movement Studio Rolleston - Movement is Medicine: https://aikifield.com/games/exercises/?studio_id=movement-studio-rolleston---movement-is-medicine&fb_page_id=392087161393725&ref=fb_page_post&exercise=wrist-grab-grounding

Practice creativity as a physical skill.
",Move Better. Create More. — 5-min Wrist Grab Practice,Download App,MOVE BETTER. CREATE MORE.,Wrist Grab Grounding,"Partner · 5 min · Adventures in Aiki-land (R. Moon, 2010)",20 exclusive practices by Richard Moon unavailable anywhere else,https://aikifield.com/games/exercises/?studio_id=movement-studio-rolleston---movement-is-medicine&fb_page_id=392087161393725&exercise=wrist-grab-grounding&ref=fb_page_post,https://aikifield.com/games/exercises/wrist-grab-grounding?studio_id=movement-studio-rolleston---movement-is-medicine&ref=fb_page_post
Movement Studio Rolleston - Movement is Medicine,Canterbury NZ,Pilates / Massage,https://www.facebook.com/392087161393725,movement-studio-rolleston---movement-is-medicine,https://aikifield.com/games/exercises/?studio_id=movement-studio-rolleston---movement-is-medicine&fb_page_id=392087161393725&exercise=wrist-grab-grounding&ref=fb_page_post,Welcome to the Movement Studio! We specialise in Remedial Massage Therapy and Reformer Pilates and are great believers in Movement is Medicine. Goal is to help as many people as we can to enjoy pain free movement everyday regardless of age or ability in positive safe supportive environment. Rolleston Canterbury.,C_DBso_KeepDoingIt,"Drop Back, Sink, Open. KeepDoingIt.

The most powerful practice is presented first — and Wrist Grab Grounding is where you feel it with a partner.

Partner grabs your extended wrist, gently pushes then pulls. Resisting push = easy to pull. Resisting pull = easy to push. Relaxing and 'feeling where you are' = effortless presence, harder to move.

Canterbury NZ movers at Movement Studio Rolleston - Movement is Medicine — this was made for you. Solo or partner, real or invisible.

DBSO. 50% → 60% ground. KeepDoingIt.

From Quantum Aikido Book of Exercises — 20 exclusive practices unavailable anywhere else to improve physical performance + creativity. Student of Robert Nadeau since '71.

Free 5-min guided version → https://aikifield.com/games/exercises/?studio_id=movement-studio-rolleston---movement-is-medicine&fb_page_id=392087161393725&ref=fb_page_post&exercise=wrist-grab-grounding

#CreateABeautifulWorld #MoonSensei
",Practice Creativity — Wrist Grab Grounding for Movement Studio Rolleston - Movement is Medicine,Start Free Trial,PRACTICE CREATIVITY,Wrist Grab Grounding,"Partner · 5 min · Adventures in Aiki-land (R. Moon, 2010)",20 exclusive practices by Richard Moon unavailable anywhere else,https://aikifield.com/games/exercises/?studio_id=movement-studio-rolleston---movement-is-medicine&fb_page_id=392087161393725&exercise=wrist-grab-grounding&ref=fb_page_post,https://aikifield.com/games/exercises/wrist-grab-grounding?studio_id=movement-studio-rolleston---movement-is-medicine&ref=fb_page_post
Brazilian Beatz Dance Academy,Christchurch NZ,Dance school,https://www.facebook.com/198852753946815,brazilian-beatz-dance-academy,https://aikifield.com/games/exercises/?studio_id=brazilian-beatz-dance-academy&fb_page_id=198852753946815&exercise=wrist-grab-grounding&ref=fb_page_post,Brazilian Beatz Dance Academy is beautiful new venue offering Brazilian dance styles. Also Salsa. 4.9 stars 34 reviews at 48 Hereford St Christchurch. Hosts Zouk & Forró nights.,A_Lead_Magnet_Demo,"At Brazilian Beatz Dance Academy, you know the feeling of being centered vs. being pulled off-center.

Try this 5-min practice from Richard Moon 6th Dan (student of Robert Nadeau since '71):

WRIST GRAB GROUNDING
Partner · 5 min · Adventures in Aiki-land

A partner grabs your extended wrist and gently pushes, then pulls. Resisting the push lets them pull you easily, resisting the pull lets them push you; relaxing and 'feeling where you are' produces an effortless presence that is harder to move.

At first 50/50 - resist less, ground more. Eventually 50% → 60% ground. DBSO. KeepDoingIt.

You can do it with a real partner OR invisible partner (""we say invisible"").

This is Practice #6 from 20 exclusive practices unavailable anywhere else — daily 5-min guided practices to improve physical performance + creativity.

→ Try it free in the new Moon app (personalized for Brazilian Beatz Dance Academy students):

Brazilian Beatz Dance Academy is beautiful new venue offering Brazilian dance styles. Also Salsa. 4.9 stars 34 reviews at 48 Hereford St Christchurch....

👉 https://aikifield.com/games/exercises/?studio_id=brazilian-beatz-dance-academy&fb_page_id=198852753946815&ref=fb_page_post&exercise=wrist-grab-grounding

#aikido #quantumAikido #RobertNadeau #RichardMoon #CreateABeautifulWorld
",Brazilian Beatz Dance Academy Students: Try Wrist Grab Grounding — Free 5-min,Try It Now,20 EXCLUSIVE PRACTICES,Wrist Grab Grounding,"Partner · 5 min · Adventures in Aiki-land (R. Moon, 2010)",20 exclusive practices by Richard Moon unavailable anywhere else,https://aikifield.com/games/exercises/?studio_id=brazilian-beatz-dance-academy&fb_page_id=198852753946815&exercise=wrist-grab-grounding&ref=fb_page_post,https://aikifield.com/games/exercises/wrist-grab-grounding?studio_id=brazilian-beatz-dance-academy&ref=fb_page_post
Brazilian Beatz Dance Academy,Christchurch NZ,Dance school,https://www.facebook.com/198852753946815,brazilian-beatz-dance-academy,https://aikifield.com/games/exercises/?studio_id=brazilian-beatz-dance-academy&fb_page_id=198852753946815&exercise=wrist-grab-grounding&ref=fb_page_post,Brazilian Beatz Dance Academy is beautiful new venue offering Brazilian dance styles. Also Salsa. 4.9 stars 34 reviews at 48 Hereford St Christchurch. Hosts Zouk & Forró nights.,B_Invisible_Partner,"No partner? No problem. ""We say invisible.""

WRIST GRAB GROUNDING — the simplest exercise from Quantum Aikido.

How: Extend your wrist. Imaginary partner holds and gently pushes, then pulls. Don't resist — relax and 'feel where you are'. You'll feel an effortless presence that's harder to move.

Dance school at Brazilian Beatz Dance Academy is about brazilian beatz dance academy is beautiful new venue offering brazilian dance styles. also salsa. 4.... This practice adds the missing layer: creativity as a physical skill.

At first 50/50 you resist less and ground more. After a while resistance becomes hard to see from outside but you feel it inside. Eventually 60% ground.

Then:
Feel
into the center
of your central core
even by drops
in ever finer adjustments

— Richard Moon

Free in Moon app — 20 exclusive practices by Richard Moon 6th Dan, unavailable anywhere else.

→ Personalized for Brazilian Beatz Dance Academy: https://aikifield.com/games/exercises/?studio_id=brazilian-beatz-dance-academy&fb_page_id=198852753946815&ref=fb_page_post&exercise=wrist-grab-grounding

Practice creativity as a physical skill.
",Move Better. Create More. — 5-min Wrist Grab Practice,Download App,MOVE BETTER. CREATE MORE.,Wrist Grab Grounding,"Partner · 5 min · Adventures in Aiki-land (R. Moon, 2010)",20 exclusive practices by Richard Moon unavailable anywhere else,https://aikifield.com/games/exercises/?studio_id=brazilian-beatz-dance-academy&fb_page_id=198852753946815&exercise=wrist-grab-grounding&ref=fb_page_post,https://aikifield.com/games/exercises/wrist-grab-grounding?studio_id=brazilian-beatz-dance-academy&ref=fb_page_post
Brazilian Beatz Dance Academy,Christchurch NZ,Dance school,https://www.facebook.com/198852753946815,brazilian-beatz-dance-academy,https://aikifield.com/games/exercises/?studio_id=brazilian-beatz-dance-academy&fb_page_id=198852753946815&exercise=wrist-grab-grounding&ref=fb_page_post,Brazilian Beatz Dance Academy is beautiful new venue offering Brazilian dance styles. Also Salsa. 4.9 stars 34 reviews at 48 Hereford St Christchurch. Hosts Zouk & Forró nights.,C_DBso_KeepDoingIt,"Drop Back, Sink, Open. KeepDoingIt.

The most powerful practice is presented first — and Wrist Grab Grounding is where you feel it with a partner.

Partner grabs your extended wrist, gently pushes then pulls. Resisting push = easy to pull. Resisting pull = easy to push. Relaxing and 'feeling where you are' = effortless presence, harder to move.

Christchurch NZ movers at Brazilian Beatz Dance Academy — this was made for you. Solo or partner, real or invisible.

DBSO. 50% → 60% ground. KeepDoingIt.

From Quantum Aikido Book of Exercises — 20 exclusive practices unavailable anywhere else to improve physical performance + creativity. Student of Robert Nadeau since '71.

Free 5-min guided version → https://aikifield.com/games/exercises/?studio_id=brazilian-beatz-dance-academy&fb_page_id=198852753946815&ref=fb_page_post&exercise=wrist-grab-grounding

#CreateABeautifulWorld #MoonSensei
",Practice Creativity — Wrist Grab Grounding for Brazilian Beatz Dance Academy,Start Free Trial,PRACTICE CREATIVITY,Wrist Grab Grounding,"Partner · 5 min · Adventures in Aiki-land (R. Moon, 2010)",20 exclusive practices by Richard Moon unavailable anywhere else,https://aikifield.com/games/exercises/?studio_id=brazilian-beatz-dance-academy&fb_page_id=198852753946815&exercise=wrist-grab-grounding&ref=fb_page_post,https://aikifield.com/games/exercises/wrist-grab-grounding?studio_id=brazilian-beatz-dance-academy&ref=fb_page_post
Latin Fire Dance Studio,Christchurch NZ,Dance school,https://www.facebook.com/151239431610671,latin-fire-dance-studio,https://aikifield.com/games/exercises/?studio_id=latin-fire-dance-studio&fb_page_id=151239431610671&exercise=wrist-grab-grounding&ref=fb_page_post,Social and performance classes in Salsa Bachata & ChaCha. All levels welcome! Your first class is Free so why not give it a try? 5.0 stars 16 reviews Durham St N.,A_Lead_Magnet_Demo,"At Latin Fire Dance Studio, you know the feeling of being centered vs. being pulled off-center.

Try this 5-min practice from Richard Moon 6th Dan (student of Robert Nadeau since '71):

WRIST GRAB GROUNDING
Partner · 5 min · Adventures in Aiki-land

A partner grabs your extended wrist and gently pushes, then pulls. Resisting the push lets them pull you easily, resisting the pull lets them push you; relaxing and 'feeling where you are' produces an effortless presence that is harder to move.

At first 50/50 - resist less, ground more. Eventually 50% → 60% ground. DBSO. KeepDoingIt.

You can do it with a real partner OR invisible partner (""we say invisible"").

This is Practice #6 from 20 exclusive practices unavailable anywhere else — daily 5-min guided practices to improve physical performance + creativity.

→ Try it free in the new Moon app (personalized for Latin Fire Dance Studio students):

Social and performance classes in Salsa Bachata & ChaCha. All levels welcome! Your first class is Free so why not give it a try? 5.0 stars 16 reviews ...

👉 https://aikifield.com/games/exercises/?studio_id=latin-fire-dance-studio&fb_page_id=151239431610671&ref=fb_page_post&exercise=wrist-grab-grounding

#aikido #quantumAikido #RobertNadeau #RichardMoon #CreateABeautifulWorld
",Latin Fire Dance Studio Students: Try Wrist Grab Grounding — Free 5-min,Try It Now,20 EXCLUSIVE PRACTICES,Wrist Grab Grounding,"Partner · 5 min · Adventures in Aiki-land (R. Moon, 2010)",20 exclusive practices by Richard Moon unavailable anywhere else,https://aikifield.com/games/exercises/?studio_id=latin-fire-dance-studio&fb_page_id=151239431610671&exercise=wrist-grab-grounding&ref=fb_page_post,https://aikifield.com/games/exercises/wrist-grab-grounding?studio_id=latin-fire-dance-studio&ref=fb_page_post
Latin Fire Dance Studio,Christchurch NZ,Dance school,https://www.facebook.com/151239431610671,latin-fire-dance-studio,https://aikifield.com/games/exercises/?studio_id=latin-fire-dance-studio&fb_page_id=151239431610671&exercise=wrist-grab-grounding&ref=fb_page_post,Social and performance classes in Salsa Bachata & ChaCha. All levels welcome! Your first class is Free so why not give it a try? 5.0 stars 16 reviews Durham St N.,B_Invisible_Partner,"No partner? No problem. ""We say invisible.""

WRIST GRAB GROUNDING — the simplest exercise from Quantum Aikido.

How: Extend your wrist. Imaginary partner holds and gently pushes, then pulls. Don't resist — relax and 'feel where you are'. You'll feel an effortless presence that's harder to move.

Dance school at Latin Fire Dance Studio is about social and performance classes in salsa bachata & chacha. all levels welcome! your first class is fr... This practice adds the missing layer: creativity as a physical skill.

At first 50/50 you resist less and ground more. After a while resistance becomes hard to see from outside but you feel it inside. Eventually 60% ground.

Then:
Feel
into the center
of your central core
even by drops
in ever finer adjustments

— Richard Moon

Free in Moon app — 20 exclusive practices by Richard Moon 6th Dan, unavailable anywhere else.

→ Personalized for Latin Fire Dance Studio: https://aikifield.com/games/exercises/?studio_id=latin-fire-dance-studio&fb_page_id=151239431610671&ref=fb_page_post&exercise=wrist-grab-grounding

Practice creativity as a physical skill.
",Move Better. Create More. — 5-min Wrist Grab Practice,Download App,MOVE BETTER. CREATE MORE.,Wrist Grab Grounding,"Partner · 5 min · Adventures in Aiki-land (R. Moon, 2010)",20 exclusive practices by Richard Moon unavailable anywhere else,https://aikifield.com/games/exercises/?studio_id=latin-fire-dance-studio&fb_page_id=151239431610671&exercise=wrist-grab-grounding&ref=fb_page_post,https://aikifield.com/games/exercises/wrist-grab-grounding?studio_id=latin-fire-dance-studio&ref=fb_page_post
Latin Fire Dance Studio,Christchurch NZ,Dance school,https://www.facebook.com/151239431610671,latin-fire-dance-studio,https://aikifield.com/games/exercises/?studio_id=latin-fire-dance-studio&fb_page_id=151239431610671&exercise=wrist-grab-grounding&ref=fb_page_post,Social and performance classes in Salsa Bachata & ChaCha. All levels welcome! Your first class is Free so why not give it a try? 5.0 stars 16 reviews Durham St N.,C_DBso_KeepDoingIt,"Drop Back, Sink, Open. KeepDoingIt.

The most powerful practice is presented first — and Wrist Grab Grounding is where you feel it with a partner.

Partner grabs your extended wrist, gently pushes then pulls. Resisting push = easy to pull. Resisting pull = easy to push. Relaxing and 'feeling where you are' = effortless presence, harder to move.

Christchurch NZ movers at Latin Fire Dance Studio — this was made for you. Solo or partner, real or invisible.

DBSO. 50% → 60% ground. KeepDoingIt.

From Quantum Aikido Book of Exercises — 20 exclusive practices unavailable anywhere else to improve physical performance + creativity. Student of Robert Nadeau since '71.

Free 5-min guided version → https://aikifield.com/games/exercises/?studio_id=latin-fire-dance-studio&fb_page_id=151239431610671&ref=fb_page_post&exercise=wrist-grab-grounding

#CreateABeautifulWorld #MoonSensei
",Practice Creativity — Wrist Grab Grounding for Latin Fire Dance Studio,Start Free Trial,PRACTICE CREATIVITY,Wrist Grab Grounding,"Partner · 5 min · Adventures in Aiki-land (R. Moon, 2010)",20 exclusive practices by Richard Moon unavailable anywhere else,https://aikifield.com/games/exercises/?studio_id=latin-fire-dance-studio&fb_page_id=151239431610671&exercise=wrist-grab-grounding&ref=fb_page_post,https://aikifield.com/games/exercises/wrist-grab-grounding?studio_id=latin-fire-dance-studio&ref=fb_page_post
Evolve Studios Christchurch,Christchurch NZ,Movement studio,https://www.facebook.com/105548014657872,evolve-studios-christchurch,https://aikifield.com/games/exercises/?studio_id=evolve-studios-christchurch&fb_page_id=105548014657872&exercise=wrist-grab-grounding&ref=fb_page_post,On Demand Studio Hire for Dance Mindfulness Events & More. 6 Studios Endless Possibilities at 98 Carlyle St. Hub for independent teachers and movers.,A_Lead_Magnet_Demo,"At Evolve Studios Christchurch, you know the feeling of being centered vs. being pulled off-center.

Try this 5-min practice from Richard Moon 6th Dan (student of Robert Nadeau since '71):

WRIST GRAB GROUNDING
Partner · 5 min · Adventures in Aiki-land

A partner grabs your extended wrist and gently pushes, then pulls. Resisting the push lets them pull you easily, resisting the pull lets them push you; relaxing and 'feeling where you are' produces an effortless presence that is harder to move.

At first 50/50 - resist less, ground more. Eventually 50% → 60% ground. DBSO. KeepDoingIt.

You can do it with a real partner OR invisible partner (""we say invisible"").

This is Practice #6 from 20 exclusive practices unavailable anywhere else — daily 5-min guided practices to improve physical performance + creativity.

→ Try it free in the new Moon app (personalized for Evolve Studios Christchurch students):

On Demand Studio Hire for Dance Mindfulness Events & More. 6 Studios Endless Possibilities at 98 Carlyle St. Hub for independent teachers and movers....

👉 https://aikifield.com/games/exercises/?studio_id=evolve-studios-christchurch&fb_page_id=105548014657872&ref=fb_page_post&exercise=wrist-grab-grounding

#aikido #quantumAikido #RobertNadeau #RichardMoon #CreateABeautifulWorld
",Evolve Studios Christchurch Students: Try Wrist Grab Grounding — Free 5-min,Try It Now,20 EXCLUSIVE PRACTICES,Wrist Grab Grounding,"Partner · 5 min · Adventures in Aiki-land (R. Moon, 2010)",20 exclusive practices by Richard Moon unavailable anywhere else,https://aikifield.com/games/exercises/?studio_id=evolve-studios-christchurch&fb_page_id=105548014657872&exercise=wrist-grab-grounding&ref=fb_page_post,https://aikifield.com/games/exercises/wrist-grab-grounding?studio_id=evolve-studios-christchurch&ref=fb_page_post
Evolve Studios Christchurch,Christchurch NZ,Movement studio,https://www.facebook.com/105548014657872,evolve-studios-christchurch,https://aikifield.com/games/exercises/?studio_id=evolve-studios-christchurch&fb_page_id=105548014657872&exercise=wrist-grab-grounding&ref=fb_page_post,On Demand Studio Hire for Dance Mindfulness Events & More. 6 Studios Endless Possibilities at 98 Carlyle St. Hub for independent teachers and movers.,B_Invisible_Partner,"No partner? No problem. ""We say invisible.""

WRIST GRAB GROUNDING — the simplest exercise from Quantum Aikido.

How: Extend your wrist. Imaginary partner holds and gently pushes, then pulls. Don't resist — relax and 'feel where you are'. You'll feel an effortless presence that's harder to move.

Movement studio at Evolve Studios Christchurch is about on demand studio hire for dance mindfulness events & more. 6 studios endless possibilities at 98 car... This practice adds the missing layer: creativity as a physical skill.

At first 50/50 you resist less and ground more. After a while resistance becomes hard to see from outside but you feel it inside. Eventually 60% ground.

Then:
Feel
into the center
of your central core
even by drops
in ever finer adjustments

— Richard Moon

Free in Moon app — 20 exclusive practices by Richard Moon 6th Dan, unavailable anywhere else.

→ Personalized for Evolve Studios Christchurch: https://aikifield.com/games/exercises/?studio_id=evolve-studios-christchurch&fb_page_id=105548014657872&ref=fb_page_post&exercise=wrist-grab-grounding

Practice creativity as a physical skill.
",Move Better. Create More. — 5-min Wrist Grab Practice,Download App,MOVE BETTER. CREATE MORE.,Wrist Grab Grounding,"Partner · 5 min · Adventures in Aiki-land (R. Moon, 2010)",20 exclusive practices by Richard Moon unavailable anywhere else,https://aikifield.com/games/exercises/?studio_id=evolve-studios-christchurch&fb_page_id=105548014657872&exercise=wrist-grab-grounding&ref=fb_page_post,https://aikifield.com/games/exercises/wrist-grab-grounding?studio_id=evolve-studios-christchurch&ref=fb_page_post
Evolve Studios Christchurch,Christchurch NZ,Movement studio,https://www.facebook.com/105548014657872,evolve-studios-christchurch,https://aikifield.com/games/exercises/?studio_id=evolve-studios-christchurch&fb_page_id=105548014657872&exercise=wrist-grab-grounding&ref=fb_page_post,On Demand Studio Hire for Dance Mindfulness Events & More. 6 Studios Endless Possibilities at 98 Carlyle St. Hub for independent teachers and movers.,C_DBso_KeepDoingIt,"Drop Back, Sink, Open. KeepDoingIt.

The most powerful practice is presented first — and Wrist Grab Grounding is where you feel it with a partner.

Partner grabs your extended wrist, gently pushes then pulls. Resisting push = easy to pull. Resisting pull = easy to push. Relaxing and 'feeling where you are' = effortless presence, harder to move.

Christchurch NZ movers at Evolve Studios Christchurch — this was made for you. Solo or partner, real or invisible.

DBSO. 50% → 60% ground. KeepDoingIt.

From Quantum Aikido Book of Exercises — 20 exclusive practices unavailable anywhere else to improve physical performance + creativity. Student of Robert Nadeau since '71.

Free 5-min guided version → https://aikifield.com/games/exercises/?studio_id=evolve-studios-christchurch&fb_page_id=105548014657872&ref=fb_page_post&exercise=wrist-grab-grounding

#CreateABeautifulWorld #MoonSensei
",Practice Creativity — Wrist Grab Grounding for Evolve Studios Christchurch,Start Free Trial,PRACTICE CREATIVITY,Wrist Grab Grounding,"Partner · 5 min · Adventures in Aiki-land (R. Moon, 2010)",20 exclusive practices by Richard Moon unavailable anywhere else,https://aikifield.com/games/exercises/?studio_id=evolve-studios-christchurch&fb_page_id=105548014657872&exercise=wrist-grab-grounding&ref=fb_page_post,https://aikifield.com/games/exercises/wrist-grab-grounding?studio_id=evolve-studios-christchurch&ref=fb_page_post
Nova Dance Academy,Christchurch NZ,Ballet Academy,https://www.facebook.com/1154103437796292,nova-dance-academy,https://aikifield.com/games/exercises/?studio_id=nova-dance-academy&fb_page_id=1154103437796292&exercise=wrist-grab-grounding&ref=fb_page_post,Classical ballet Academy in Christchurch NZ Rooted in the RAD & Vaganova Technique at 108 Carlyle St. Professional ballet training.,A_Lead_Magnet_Demo,"At Nova Dance Academy, you know the feeling of being centered vs. being pulled off-center.

Try this 5-min practice from Richard Moon 6th Dan (student of Robert Nadeau since '71):

WRIST GRAB GROUNDING
Partner · 5 min · Adventures in Aiki-land

A partner grabs your extended wrist and gently pushes, then pulls. Resisting the push lets them pull you easily, resisting the pull lets them push you; relaxing and 'feeling where you are' produces an effortless presence that is harder to move.

At first 50/50 - resist less, ground more. Eventually 50% → 60% ground. DBSO. KeepDoingIt.

You can do it with a real partner OR invisible partner (""we say invisible"").

This is Practice #6 from 20 exclusive practices unavailable anywhere else — daily 5-min guided practices to improve physical performance + creativity.

→ Try it free in the new Moon app (personalized for Nova Dance Academy students):

Classical ballet Academy in Christchurch NZ Rooted in the RAD & Vaganova Technique at 108 Carlyle St. Professional ballet training....

👉 https://aikifield.com/games/exercises/?studio_id=nova-dance-academy&fb_page_id=1154103437796292&ref=fb_page_post&exercise=wrist-grab-grounding

#aikido #quantumAikido #RobertNadeau #RichardMoon #CreateABeautifulWorld
",Nova Dance Academy Students: Try Wrist Grab Grounding — Free 5-min,Try It Now,20 EXCLUSIVE PRACTICES,Wrist Grab Grounding,"Partner · 5 min · Adventures in Aiki-land (R. Moon, 2010)",20 exclusive practices by Richard Moon unavailable anywhere else,https://aikifield.com/games/exercises/?studio_id=nova-dance-academy&fb_page_id=1154103437796292&exercise=wrist-grab-grounding&ref=fb_page_post,https://aikifield.com/games/exercises/wrist-grab-grounding?studio_id=nova-dance-academy&ref=fb_page_post
Nova Dance Academy,Christchurch NZ,Ballet Academy,https://www.facebook.com/1154103437796292,nova-dance-academy,https://aikifield.com/games/exercises/?studio_id=nova-dance-academy&fb_page_id=1154103437796292&exercise=wrist-grab-grounding&ref=fb_page_post,Classical ballet Academy in Christchurch NZ Rooted in the RAD & Vaganova Technique at 108 Carlyle St. Professional ballet training.,B_Invisible_Partner,"No partner? No problem. ""We say invisible.""

WRIST GRAB GROUNDING — the simplest exercise from Quantum Aikido.

How: Extend your wrist. Imaginary partner holds and gently pushes, then pulls. Don't resist — relax and 'feel where you are'. You'll feel an effortless presence that's harder to move.

Ballet Academy at Nova Dance Academy is about classical ballet academy in christchurch nz rooted in the rad & vaganova technique at 108 carlyle st... This practice adds the missing layer: creativity as a physical skill.

At first 50/50 you resist less and ground more. After a while resistance becomes hard to see from outside but you feel it inside. Eventually 60% ground.

Then:
Feel
into the center
of your central core
even by drops
in ever finer adjustments

— Richard Moon

Free in Moon app — 20 exclusive practices by Richard Moon 6th Dan, unavailable anywhere else.

→ Personalized for Nova Dance Academy: https://aikifield.com/games/exercises/?studio_id=nova-dance-academy&fb_page_id=1154103437796292&ref=fb_page_post&exercise=wrist-grab-grounding

Practice creativity as a physical skill.
",Move Better. Create More. — 5-min Wrist Grab Practice,Download App,MOVE BETTER. CREATE MORE.,Wrist Grab Grounding,"Partner · 5 min · Adventures in Aiki-land (R. Moon, 2010)",20 exclusive practices by Richard Moon unavailable anywhere else,https://aikifield.com/games/exercises/?studio_id=nova-dance-academy&fb_page_id=1154103437796292&exercise=wrist-grab-grounding&ref=fb_page_post,https://aikifield.com/games/exercises/wrist-grab-grounding?studio_id=nova-dance-academy&ref=fb_page_post
Nova Dance Academy,Christchurch NZ,Ballet Academy,https://www.facebook.com/1154103437796292,nova-dance-academy,https://aikifield.com/games/exercises/?studio_id=nova-dance-academy&fb_page_id=1154103437796292&exercise=wrist-grab-grounding&ref=fb_page_post,Classical ballet Academy in Christchurch NZ Rooted in the RAD & Vaganova Technique at 108 Carlyle St. Professional ballet training.,C_DBso_KeepDoingIt,"Drop Back, Sink, Open. KeepDoingIt.

The most powerful practice is presented first — and Wrist Grab Grounding is where you feel it with a partner.

Partner grabs your extended wrist, gently pushes then pulls. Resisting push = easy to pull. Resisting pull = easy to push. Relaxing and 'feeling where you are' = effortless presence, harder to move.

Christchurch NZ movers at Nova Dance Academy — this was made for you. Solo or partner, real or invisible.

DBSO. 50% → 60% ground. KeepDoingIt.

From Quantum Aikido Book of Exercises — 20 exclusive practices unavailable anywhere else to improve physical performance + creativity. Student of Robert Nadeau since '71.

Free 5-min guided version → https://aikifield.com/games/exercises/?studio_id=nova-dance-academy&fb_page_id=1154103437796292&ref=fb_page_post&exercise=wrist-grab-grounding

#CreateABeautifulWorld #MoonSensei
",Practice Creativity — Wrist Grab Grounding for Nova Dance Academy,Start Free Trial,PRACTICE CREATIVITY,Wrist Grab Grounding,"Partner · 5 min · Adventures in Aiki-land (R. Moon, 2010)",20 exclusive practices by Richard Moon unavailable anywhere else,https://aikifield.com/games/exercises/?studio_id=nova-dance-academy&fb_page_id=1154103437796292&exercise=wrist-grab-grounding&ref=fb_page_post,https://aikifield.com/games/exercises/wrist-grab-grounding?studio_id=nova-dance-academy&ref=fb_page_post
Christchurch Yoga - Rebecca Boot,Christchurch NZ,Yoga studio,https://www.facebook.com/429637267141144,christchurch-yoga---rebecca-boot,https://aikifield.com/games/exercises/?studio_id=christchurch-yoga---rebecca-boot&fb_page_id=429637267141144&exercise=wrist-grab-grounding&ref=fb_page_post,Christchurch Yoga is owned and operated by Rebecca Boot. Classes are SAFE and supportive teaching oriented towards gradual and steady progress. Emphasis on correct alignment timings sequencing linking of postures. RYT Yoga Alliance 20 Years experience Registered Nurse Midwife. 5.0 stars.,A_Lead_Magnet_Demo,"At Christchurch Yoga - Rebecca Boot, you know the feeling of being centered vs. being pulled off-center.

Try this 5-min practice from Richard Moon 6th Dan (student of Robert Nadeau since '71):

WRIST GRAB GROUNDING
Partner · 5 min · Adventures in Aiki-land

A partner grabs your extended wrist and gently pushes, then pulls. Resisting the push lets them pull you easily, resisting the pull lets them push you; relaxing and 'feeling where you are' produces an effortless presence that is harder to move.

At first 50/50 - resist less, ground more. Eventually 50% → 60% ground. DBSO. KeepDoingIt.

You can do it with a real partner OR invisible partner (""we say invisible"").

This is Practice #6 from 20 exclusive practices unavailable anywhere else — daily 5-min guided practices to improve physical performance + creativity.

→ Try it free in the new Moon app (personalized for Christchurch Yoga - Rebecca Boot students):

Christchurch Yoga is owned and operated by Rebecca Boot. Classes are SAFE and supportive teaching oriented towards gradual and steady progress. Emphas...

👉 https://aikifield.com/games/exercises/?studio_id=christchurch-yoga---rebecca-boot&fb_page_id=429637267141144&ref=fb_page_post&exercise=wrist-grab-grounding

#aikido #quantumAikido #RobertNadeau #RichardMoon #CreateABeautifulWorld
",Christchurch Yoga - Rebecca Boot Students: Try Wrist Grab Grounding — Free 5-min,Try It Now,20 EXCLUSIVE PRACTICES,Wrist Grab Grounding,"Partner · 5 min · Adventures in Aiki-land (R. Moon, 2010)",20 exclusive practices by Richard Moon unavailable anywhere else,https://aikifield.com/games/exercises/?studio_id=christchurch-yoga---rebecca-boot&fb_page_id=429637267141144&exercise=wrist-grab-grounding&ref=fb_page_post,https://aikifield.com/games/exercises/wrist-grab-grounding?studio_id=christchurch-yoga---rebecca-boot&ref=fb_page_post
Christchurch Yoga - Rebecca Boot,Christchurch NZ,Yoga studio,https://www.facebook.com/429637267141144,christchurch-yoga---rebecca-boot,https://aikifield.com/games/exercises/?studio_id=christchurch-yoga---rebecca-boot&fb_page_id=429637267141144&exercise=wrist-grab-grounding&ref=fb_page_post,Christchurch Yoga is owned and operated by Rebecca Boot. Classes are SAFE and supportive teaching oriented towards gradual and steady progress. Emphasis on correct alignment timings sequencing linking of postures. RYT Yoga Alliance 20 Years experience Registered Nurse Midwife. 5.0 stars.,B_Invisible_Partner,"No partner? No problem. ""We say invisible.""

WRIST GRAB GROUNDING — the simplest exercise from Quantum Aikido.

How: Extend your wrist. Imaginary partner holds and gently pushes, then pulls. Don't resist — relax and 'feel where you are'. You'll feel an effortless presence that's harder to move.

Yoga studio at Christchurch Yoga - Rebecca Boot is about christchurch yoga is owned and operated by rebecca boot. classes are safe and supportive teaching or... This practice adds the missing layer: creativity as a physical skill.

At first 50/50 you resist less and ground more. After a while resistance becomes hard to see from outside but you feel it inside. Eventually 60% ground.

Then:
Feel
into the center
of your central core
even by drops
in ever finer adjustments

— Richard Moon

Free in Moon app — 20 exclusive practices by Richard Moon 6th Dan, unavailable anywhere else.

→ Personalized for Christchurch Yoga - Rebecca Boot: https://aikifield.com/games/exercises/?studio_id=christchurch-yoga---rebecca-boot&fb_page_id=429637267141144&ref=fb_page_post&exercise=wrist-grab-grounding

Practice creativity as a physical skill.
",Move Better. Create More. — 5-min Wrist Grab Practice,Download App,MOVE BETTER. CREATE MORE.,Wrist Grab Grounding,"Partner · 5 min · Adventures in Aiki-land (R. Moon, 2010)",20 exclusive practices by Richard Moon unavailable anywhere else,https://aikifield.com/games/exercises/?studio_id=christchurch-yoga---rebecca-boot&fb_page_id=429637267141144&exercise=wrist-grab-grounding&ref=fb_page_post,https://aikifield.com/games/exercises/wrist-grab-grounding?studio_id=christchurch-yoga---rebecca-boot&ref=fb_page_post
Christchurch Yoga - Rebecca Boot,Christchurch NZ,Yoga studio,https://www.facebook.com/429637267141144,christchurch-yoga---rebecca-boot,https://aikifield.com/games/exercises/?studio_id=christchurch-yoga---rebecca-boot&fb_page_id=429637267141144&exercise=wrist-grab-grounding&ref=fb_page_post,Christchurch Yoga is owned and operated by Rebecca Boot. Classes are SAFE and supportive teaching oriented towards gradual and steady progress. Emphasis on correct alignment timings sequencing linking of postures. RYT Yoga Alliance 20 Years experience Registered Nurse Midwife. 5.0 stars.,C_DBso_KeepDoingIt,"Drop Back, Sink, Open. KeepDoingIt.

The most powerful practice is presented first — and Wrist Grab Grounding is where you feel it with a partner.

Partner grabs your extended wrist, gently pushes then pulls. Resisting push = easy to pull. Resisting pull = easy to push. Relaxing and 'feeling where you are' = effortless presence, harder to move.

Christchurch NZ movers at Christchurch Yoga - Rebecca Boot — this was made for you. Solo or partner, real or invisible.

DBSO. 50% → 60% ground. KeepDoingIt.

From Quantum Aikido Book of Exercises — 20 exclusive practices unavailable anywhere else to improve physical performance + creativity. Student of Robert Nadeau since '71.

Free 5-min guided version → https://aikifield.com/games/exercises/?studio_id=christchurch-yoga---rebecca-boot&fb_page_id=429637267141144&ref=fb_page_post&exercise=wrist-grab-grounding

#CreateABeautifulWorld #MoonSensei
",Practice Creativity — Wrist Grab Grounding for Christchurch Yoga - Rebecca Boot,Start Free Trial,PRACTICE CREATIVITY,Wrist Grab Grounding,"Partner · 5 min · Adventures in Aiki-land (R. Moon, 2010)",20 exclusive practices by Richard Moon unavailable anywhere else,https://aikifield.com/games/exercises/?studio_id=christchurch-yoga---rebecca-boot&fb_page_id=429637267141144&exercise=wrist-grab-grounding&ref=fb_page_post,https://aikifield.com/games/exercises/wrist-grab-grounding?studio_id=christchurch-yoga---rebecca-boot&ref=fb_page_post
Current Wellbeing + Piko Studio,Christchurch NZ,Yoga / Wellness,https://www.facebook.com/currentwellbeing,current-wellbeing-+-piko-studio,https://aikifield.com/games/exercises/?studio_id=current-wellbeing-+-piko-studio&fb_page_id=currentwellbeing&exercise=wrist-grab-grounding&ref=fb_page_post,Current Wellbeing at 227 Kilmore St Christchurch. Yoga Pilates wellness hub in central city offering mindful movement for wellbeing. Collaborative space for practitioners.,A_Lead_Magnet_Demo,"At Current Wellbeing + Piko Studio, you know the feeling of being centered vs. being pulled off-center.

Try this 5-min practice from Richard Moon 6th Dan (student of Robert Nadeau since '71):

WRIST GRAB GROUNDING
Partner · 5 min · Adventures in Aiki-land

A partner grabs your extended wrist and gently pushes, then pulls. Resisting the push lets them pull you easily, resisting the pull lets them push you; relaxing and 'feeling where you are' produces an effortless presence that is harder to move.

At first 50/50 - resist less, ground more. Eventually 50% → 60% ground. DBSO. KeepDoingIt.

You can do it with a real partner OR invisible partner (""we say invisible"").

This is Practice #6 from 20 exclusive practices unavailable anywhere else — daily 5-min guided practices to improve physical performance + creativity.

→ Try it free in the new Moon app (personalized for Current Wellbeing + Piko Studio students):

Current Wellbeing at 227 Kilmore St Christchurch. Yoga Pilates wellness hub in central city offering mindful movement for wellbeing. Collaborative spa...

👉 https://aikifield.com/games/exercises/?studio_id=current-wellbeing-+-piko-studio&fb_page_id=currentwellbeing&ref=fb_page_post&exercise=wrist-grab-grounding

#aikido #quantumAikido #RobertNadeau #RichardMoon #CreateABeautifulWorld
",Current Wellbeing + Piko Studio Students: Try Wrist Grab Grounding — Free 5-min,Try It Now,20 EXCLUSIVE PRACTICES,Wrist Grab Grounding,"Partner · 5 min · Adventures in Aiki-land (R. Moon, 2010)",20 exclusive practices by Richard Moon unavailable anywhere else,https://aikifield.com/games/exercises/?studio_id=current-wellbeing-+-piko-studio&fb_page_id=currentwellbeing&exercise=wrist-grab-grounding&ref=fb_page_post,https://aikifield.com/games/exercises/wrist-grab-grounding?studio_id=current-wellbeing-+-piko-studio&ref=fb_page_post
Current Wellbeing + Piko Studio,Christchurch NZ,Yoga / Wellness,https://www.facebook.com/currentwellbeing,current-wellbeing-+-piko-studio,https://aikifield.com/games/exercises/?studio_id=current-wellbeing-+-piko-studio&fb_page_id=currentwellbeing&exercise=wrist-grab-grounding&ref=fb_page_post,Current Wellbeing at 227 Kilmore St Christchurch. Yoga Pilates wellness hub in central city offering mindful movement for wellbeing. Collaborative space for practitioners.,B_Invisible_Partner,"No partner? No problem. ""We say invisible.""

WRIST GRAB GROUNDING — the simplest exercise from Quantum Aikido.

How: Extend your wrist. Imaginary partner holds and gently pushes, then pulls. Don't resist — relax and 'feel where you are'. You'll feel an effortless presence that's harder to move.

Yoga / Wellness at Current Wellbeing + Piko Studio is about current wellbeing at 227 kilmore st christchurch. yoga pilates wellness hub in central city offering... This practice adds the missing layer: creativity as a physical skill.

At first 50/50 you resist less and ground more. After a while resistance becomes hard to see from outside but you feel it inside. Eventually 60% ground.

Then:
Feel
into the center
of your central core
even by drops
in ever finer adjustments

— Richard Moon

Free in Moon app — 20 exclusive practices by Richard Moon 6th Dan, unavailable anywhere else.

→ Personalized for Current Wellbeing + Piko Studio: https://aikifield.com/games/exercises/?studio_id=current-wellbeing-+-piko-studio&fb_page_id=currentwellbeing&ref=fb_page_post&exercise=wrist-grab-grounding

Practice creativity as a physical skill.
",Move Better. Create More. — 5-min Wrist Grab Practice,Download App,MOVE BETTER. CREATE MORE.,Wrist Grab Grounding,"Partner · 5 min · Adventures in Aiki-land (R. Moon, 2010)",20 exclusive practices by Richard Moon unavailable anywhere else,https://aikifield.com/games/exercises/?studio_id=current-wellbeing-+-piko-studio&fb_page_id=currentwellbeing&exercise=wrist-grab-grounding&ref=fb_page_post,https://aikifield.com/games/exercises/wrist-grab-grounding?studio_id=current-wellbeing-+-piko-studio&ref=fb_page_post
Current Wellbeing + Piko Studio,Christchurch NZ,Yoga / Wellness,https://www.facebook.com/currentwellbeing,current-wellbeing-+-piko-studio,https://aikifield.com/games/exercises/?studio_id=current-wellbeing-+-piko-studio&fb_page_id=currentwellbeing&exercise=wrist-grab-grounding&ref=fb_page_post,Current Wellbeing at 227 Kilmore St Christchurch. Yoga Pilates wellness hub in central city offering mindful movement for wellbeing. Collaborative space for practitioners.,C_DBso_KeepDoingIt,"Drop Back, Sink, Open. KeepDoingIt.

The most powerful practice is presented first — and Wrist Grab Grounding is where you feel it with a partner.

Partner grabs your extended wrist, gently pushes then pulls. Resisting push = easy to pull. Resisting pull = easy to push. Relaxing and 'feeling where you are' = effortless presence, harder to move.

Christchurch NZ movers at Current Wellbeing + Piko Studio — this was made for you. Solo or partner, real or invisible.

DBSO. 50% → 60% ground. KeepDoingIt.

From Quantum Aikido Book of Exercises — 20 exclusive practices unavailable anywhere else to improve physical performance + creativity. Student of Robert Nadeau since '71.

Free 5-min guided version → https://aikifield.com/games/exercises/?studio_id=current-wellbeing-+-piko-studio&fb_page_id=currentwellbeing&ref=fb_page_post&exercise=wrist-grab-grounding

#CreateABeautifulWorld #MoonSensei
",Practice Creativity — Wrist Grab Grounding for Current Wellbeing + Piko Studio,Start Free Trial,PRACTICE CREATIVITY,Wrist Grab Grounding,"Partner · 5 min · Adventures in Aiki-land (R. Moon, 2010)",20 exclusive practices by Richard Moon unavailable anywhere else,https://aikifield.com/games/exercises/?studio_id=current-wellbeing-+-piko-studio&fb_page_id=currentwellbeing&exercise=wrist-grab-grounding&ref=fb_page_post,https://aikifield.com/games/exercises/wrist-grab-grounding?studio_id=current-wellbeing-+-piko-studio&ref=fb_page_post
Khandallah Ballet Academy,Wellington Region NZ,Ballet Academy,https://www.facebook.com/khandallahballetacademy,khandallah-ballet-academy,https://aikifield.com/games/exercises/?studio_id=khandallah-ballet-academy&fb_page_id=khandallahballetacademy&exercise=wrist-grab-grounding&ref=fb_page_post,In the heart of Khandallah a community driven dance studio aiming to bring the joy of dance. 135 Khandallah Rd Wellington. Family community ballet.,A_Lead_Magnet_Demo,"At Khandallah Ballet Academy, you know the feeling of being centered vs. being pulled off-center.

Try this 5-min practice from Richard Moon 6th Dan (student of Robert Nadeau since '71):

WRIST GRAB GROUNDING
Partner · 5 min · Adventures in Aiki-land

A partner grabs your extended wrist and gently pushes, then pulls. Resisting the push lets them pull you easily, resisting the pull lets them push you; relaxing and 'feeling where you are' produces an effortless presence that is harder to move.

At first 50/50 - resist less, ground more. Eventually 50% → 60% ground. DBSO. KeepDoingIt.

You can do it with a real partner OR invisible partner (""we say invisible"").

This is Practice #6 from 20 exclusive practices unavailable anywhere else — daily 5-min guided practices to improve physical performance + creativity.

→ Try it free in the new Moon app (personalized for Khandallah Ballet Academy students):

In the heart of Khandallah a community driven dance studio aiming to bring the joy of dance. 135 Khandallah Rd Wellington. Family community ballet....

👉 https://aikifield.com/games/exercises/?studio_id=khandallah-ballet-academy&fb_page_id=khandallahballetacademy&ref=fb_page_post&exercise=wrist-grab-grounding

#aikido #quantumAikido #RobertNadeau #RichardMoon #CreateABeautifulWorld
",Khandallah Ballet Academy Students: Try Wrist Grab Grounding — Free 5-min,Try It Now,20 EXCLUSIVE PRACTICES,Wrist Grab Grounding,"Partner · 5 min · Adventures in Aiki-land (R. Moon, 2010)",20 exclusive practices by Richard Moon unavailable anywhere else,https://aikifield.com/games/exercises/?studio_id=khandallah-ballet-academy&fb_page_id=khandallahballetacademy&exercise=wrist-grab-grounding&ref=fb_page_post,https://aikifield.com/games/exercises/wrist-grab-grounding?studio_id=khandallah-ballet-academy&ref=fb_page_post
Khandallah Ballet Academy,Wellington Region NZ,Ballet Academy,https://www.facebook.com/khandallahballetacademy,khandallah-ballet-academy,https://aikifield.com/games/exercises/?studio_id=khandallah-ballet-academy&fb_page_id=khandallahballetacademy&exercise=wrist-grab-grounding&ref=fb_page_post,In the heart of Khandallah a community driven dance studio aiming to bring the joy of dance. 135 Khandallah Rd Wellington. Family community ballet.,B_Invisible_Partner,"No partner? No problem. ""We say invisible.""

WRIST GRAB GROUNDING — the simplest exercise from Quantum Aikido.

How: Extend your wrist. Imaginary partner holds and gently pushes, then pulls. Don't resist — relax and 'feel where you are'. You'll feel an effortless presence that's harder to move.

Ballet Academy at Khandallah Ballet Academy is about in the heart of khandallah a community driven dance studio aiming to bring the joy of dance. 135 kha... This practice adds the missing layer: creativity as a physical skill.

At first 50/50 you resist less and ground more. After a while resistance becomes hard to see from outside but you feel it inside. Eventually 60% ground.

Then:
Feel
into the center
of your central core
even by drops
in ever finer adjustments

— Richard Moon

Free in Moon app — 20 exclusive practices by Richard Moon 6th Dan, unavailable anywhere else.

→ Personalized for Khandallah Ballet Academy: https://aikifield.com/games/exercises/?studio_id=khandallah-ballet-academy&fb_page_id=khandallahballetacademy&ref=fb_page_post&exercise=wrist-grab-grounding

Practice creativity as a physical skill.
",Move Better. Create More. — 5-min Wrist Grab Practice,Download App,MOVE BETTER. CREATE MORE.,Wrist Grab Grounding,"Partner · 5 min · Adventures in Aiki-land (R. Moon, 2010)",20 exclusive practices by Richard Moon unavailable anywhere else,https://aikifield.com/games/exercises/?studio_id=khandallah-ballet-academy&fb_page_id=khandallahballetacademy&exercise=wrist-grab-grounding&ref=fb_page_post,https://aikifield.com/games/exercises/wrist-grab-grounding?studio_id=khandallah-ballet-academy&ref=fb_page_post
Khandallah Ballet Academy,Wellington Region NZ,Ballet Academy,https://www.facebook.com/khandallahballetacademy,khandallah-ballet-academy,https://aikifield.com/games/exercises/?studio_id=khandallah-ballet-academy&fb_page_id=khandallahballetacademy&exercise=wrist-grab-grounding&ref=fb_page_post,In the heart of Khandallah a community driven dance studio aiming to bring the joy of dance. 135 Khandallah Rd Wellington. Family community ballet.,C_DBso_KeepDoingIt,"Drop Back, Sink, Open. KeepDoingIt.

The most powerful practice is presented first — and Wrist Grab Grounding is where you feel it with a partner.

Partner grabs your extended wrist, gently pushes then pulls. Resisting push = easy to pull. Resisting pull = easy to push. Relaxing and 'feeling where you are' = effortless presence, harder to move.

Wellington Region NZ movers at Khandallah Ballet Academy — this was made for you. Solo or partner, real or invisible.

DBSO. 50% → 60% ground. KeepDoingIt.

From Quantum Aikido Book of Exercises — 20 exclusive practices unavailable anywhere else to improve physical performance + creativity. Student of Robert Nadeau since '71.

Free 5-min guided version → https://aikifield.com/games/exercises/?studio_id=khandallah-ballet-academy&fb_page_id=khandallahballetacademy&ref=fb_page_post&exercise=wrist-grab-grounding

#CreateABeautifulWorld #MoonSensei
",Practice Creativity — Wrist Grab Grounding for Khandallah Ballet Academy,Start Free Trial,PRACTICE CREATIVITY,Wrist Grab Grounding,"Partner · 5 min · Adventures in Aiki-land (R. Moon, 2010)",20 exclusive practices by Richard Moon unavailable anywhere else,https://aikifield.com/games/exercises/?studio_id=khandallah-ballet-academy&fb_page_id=khandallahballetacademy&exercise=wrist-grab-grounding&ref=fb_page_post,https://aikifield.com/games/exercises/wrist-grab-grounding?studio_id=khandallah-ballet-academy&ref=fb_page_post
Supreme Dance Wellington,Wellington Region NZ,Dance studio,https://www.facebook.com/SupremeDanceWellington,supreme-dance-wellington,https://aikifield.com/games/exercises/?studio_id=supreme-dance-wellington&fb_page_id=SupremeDanceWellington&exercise=wrist-grab-grounding&ref=fb_page_post,Keri and Phillip Porter are new studio principals for Supreme Dance Wellington. Social classes New Vogue classes and private lessons available. Timetable Monday Island Bay Presbyterian Church Tuesday Wellington Te Whaea.,A_Lead_Magnet_Demo,"At Supreme Dance Wellington, you know the feeling of being centered vs. being pulled off-center.

Try this 5-min practice from Richard Moon 6th Dan (student of Robert Nadeau since '71):

WRIST GRAB GROUNDING
Partner · 5 min · Adventures in Aiki-land

A partner grabs your extended wrist and gently pushes, then pulls. Resisting the push lets them pull you easily, resisting the pull lets them push you; relaxing and 'feeling where you are' produces an effortless presence that is harder to move.

At first 50/50 - resist less, ground more. Eventually 50% → 60% ground. DBSO. KeepDoingIt.

You can do it with a real partner OR invisible partner (""we say invisible"").

This is Practice #6 from 20 exclusive practices unavailable anywhere else — daily 5-min guided practices to improve physical performance + creativity.

→ Try it free in the new Moon app (personalized for Supreme Dance Wellington students):

Keri and Phillip Porter are new studio principals for Supreme Dance Wellington. Social classes New Vogue classes and private lessons available. Timeta...

👉 https://aikifield.com/games/exercises/?studio_id=supreme-dance-wellington&fb_page_id=SupremeDanceWellington&ref=fb_page_post&exercise=wrist-grab-grounding

#aikido #quantumAikido #RobertNadeau #RichardMoon #CreateABeautifulWorld
",Supreme Dance Wellington Students: Try Wrist Grab Grounding — Free 5-min,Try It Now,20 EXCLUSIVE PRACTICES,Wrist Grab Grounding,"Partner · 5 min · Adventures in Aiki-land (R. Moon, 2010)",20 exclusive practices by Richard Moon unavailable anywhere else,https://aikifield.com/games/exercises/?studio_id=supreme-dance-wellington&fb_page_id=SupremeDanceWellington&exercise=wrist-grab-grounding&ref=fb_page_post,https://aikifield.com/games/exercises/wrist-grab-grounding?studio_id=supreme-dance-wellington&ref=fb_page_post
Supreme Dance Wellington,Wellington Region NZ,Dance studio,https://www.facebook.com/SupremeDanceWellington,supreme-dance-wellington,https://aikifield.com/games/exercises/?studio_id=supreme-dance-wellington&fb_page_id=SupremeDanceWellington&exercise=wrist-grab-grounding&ref=fb_page_post,Keri and Phillip Porter are new studio principals for Supreme Dance Wellington. Social classes New Vogue classes and private lessons available. Timetable Monday Island Bay Presbyterian Church Tuesday Wellington Te Whaea.,B_Invisible_Partner,"No partner? No problem. ""We say invisible.""

WRIST GRAB GROUNDING — the simplest exercise from Quantum Aikido.

How: Extend your wrist. Imaginary partner holds and gently pushes, then pulls. Don't resist — relax and 'feel where you are'. You'll feel an effortless presence that's harder to move.

Dance studio at Supreme Dance Wellington is about keri and phillip porter are new studio principals for supreme dance wellington. social classes new v... This practice adds the missing layer: creativity as a physical skill.

At first 50/50 you resist less and ground more. After a while resistance becomes hard to see from outside but you feel it inside. Eventually 60% ground.

Then:
Feel
into the center
of your central core
even by drops
in ever finer adjustments

— Richard Moon

Free in Moon app — 20 exclusive practices by Richard Moon 6th Dan, unavailable anywhere else.

→ Personalized for Supreme Dance Wellington: https://aikifield.com/games/exercises/?studio_id=supreme-dance-wellington&fb_page_id=SupremeDanceWellington&ref=fb_page_post&exercise=wrist-grab-grounding

Practice creativity as a physical skill.
",Move Better. Create More. — 5-min Wrist Grab Practice,Download App,MOVE BETTER. CREATE MORE.,Wrist Grab Grounding,"Partner · 5 min · Adventures in Aiki-land (R. Moon, 2010)",20 exclusive practices by Richard Moon unavailable anywhere else,https://aikifield.com/games/exercises/?studio_id=supreme-dance-wellington&fb_page_id=SupremeDanceWellington&exercise=wrist-grab-grounding&ref=fb_page_post,https://aikifield.com/games/exercises/wrist-grab-grounding?studio_id=supreme-dance-wellington&ref=fb_page_post
Supreme Dance Wellington,Wellington Region NZ,Dance studio,https://www.facebook.com/SupremeDanceWellington,supreme-dance-wellington,https://aikifield.com/games/exercises/?studio_id=supreme-dance-wellington&fb_page_id=SupremeDanceWellington&exercise=wrist-grab-grounding&ref=fb_page_post,Keri and Phillip Porter are new studio principals for Supreme Dance Wellington. Social classes New Vogue classes and private lessons available. Timetable Monday Island Bay Presbyterian Church Tuesday Wellington Te Whaea.,C_DBso_KeepDoingIt,"Drop Back, Sink, Open. KeepDoingIt.

The most powerful practice is presented first — and Wrist Grab Grounding is where you feel it with a partner.

Partner grabs your extended wrist, gently pushes then pulls. Resisting push = easy to pull. Resisting pull = easy to push. Relaxing and 'feeling where you are' = effortless presence, harder to move.

Wellington Region NZ movers at Supreme Dance Wellington — this was made for you. Solo or partner, real or invisible.

DBSO. 50% → 60% ground. KeepDoingIt.

From Quantum Aikido Book of Exercises — 20 exclusive practices unavailable anywhere else to improve physical performance + creativity. Student of Robert Nadeau since '71.

Free 5-min guided version → https://aikifield.com/games/exercises/?studio_id=supreme-dance-wellington&fb_page_id=SupremeDanceWellington&ref=fb_page_post&exercise=wrist-grab-grounding

#CreateABeautifulWorld #MoonSensei
",Practice Creativity — Wrist Grab Grounding for Supreme Dance Wellington,Start Free Trial,PRACTICE CREATIVITY,Wrist Grab Grounding,"Partner · 5 min · Adventures in Aiki-land (R. Moon, 2010)",20 exclusive practices by Richard Moon unavailable anywhere else,https://aikifield.com/games/exercises/?studio_id=supreme-dance-wellington&fb_page_id=SupremeDanceWellington&exercise=wrist-grab-grounding&ref=fb_page_post,https://aikifield.com/games/exercises/wrist-grab-grounding?studio_id=supreme-dance-wellington&ref=fb_page_post
FEET with Heat Dance Studio,Wellington Region NZ,Dance school,https://www.facebook.com/FEETwithHeatDanceStudio,feet-with-heat-dance-studio,https://aikifield.com/games/exercises/?studio_id=feet-with-heat-dance-studio&fb_page_id=FEETwithHeatDanceStudio&exercise=wrist-grab-grounding&ref=fb_page_post,Wellington's foremost swing dance studio including Ballroom and Latin. 110 Hutt Rd Wellington. Lindy hop swing specialists.,A_Lead_Magnet_Demo,"At FEET with Heat Dance Studio, you know the feeling of being centered vs. being pulled off-center.

Try this 5-min practice from Richard Moon 6th Dan (student of Robert Nadeau since '71):

WRIST GRAB GROUNDING
Partner · 5 min · Adventures in Aiki-land

A partner grabs your extended wrist and gently pushes, then pulls. Resisting the push lets them pull you easily, resisting the pull lets them push you; relaxing and 'feeling where you are' produces an effortless presence that is harder to move.

At first 50/50 - resist less, ground more. Eventually 50% → 60% ground. DBSO. KeepDoingIt.

You can do it with a real partner OR invisible partner (""we say invisible"").

This is Practice #6 from 20 exclusive practices unavailable anywhere else — daily 5-min guided practices to improve physical performance + creativity.

→ Try it free in the new Moon app (personalized for FEET with Heat Dance Studio students):

Wellington's foremost swing dance studio including Ballroom and Latin. 110 Hutt Rd Wellington. Lindy hop swing specialists....

👉 https://aikifield.com/games/exercises/?studio_id=feet-with-heat-dance-studio&fb_page_id=FEETwithHeatDanceStudio&ref=fb_page_post&exercise=wrist-grab-grounding

#aikido #quantumAikido #RobertNadeau #RichardMoon #CreateABeautifulWorld
",FEET with Heat Dance Studio Students: Try Wrist Grab Grounding — Free 5-min,Try It Now,20 EXCLUSIVE PRACTICES,Wrist Grab Grounding,"Partner · 5 min · Adventures in Aiki-land (R. Moon, 2010)",20 exclusive practices by Richard Moon unavailable anywhere else,https://aikifield.com/games/exercises/?studio_id=feet-with-heat-dance-studio&fb_page_id=FEETwithHeatDanceStudio&exercise=wrist-grab-grounding&ref=fb_page_post,https://aikifield.com/games/exercises/wrist-grab-grounding?studio_id=feet-with-heat-dance-studio&ref=fb_page_post
FEET with Heat Dance Studio,Wellington Region NZ,Dance school,https://www.facebook.com/FEETwithHeatDanceStudio,feet-with-heat-dance-studio,https://aikifield.com/games/exercises/?studio_id=feet-with-heat-dance-studio&fb_page_id=FEETwithHeatDanceStudio&exercise=wrist-grab-grounding&ref=fb_page_post,Wellington's foremost swing dance studio including Ballroom and Latin. 110 Hutt Rd Wellington. Lindy hop swing specialists.,B_Invisible_Partner,"No partner? No problem. ""We say invisible.""

WRIST GRAB GROUNDING — the simplest exercise from Quantum Aikido.

How: Extend your wrist. Imaginary partner holds and gently pushes, then pulls. Don't resist — relax and 'feel where you are'. You'll feel an effortless presence that's harder to move.

Dance school at FEET with Heat Dance Studio is about wellington's foremost swing dance studio including ballroom and latin. 110 hutt rd wellington. lindy... This practice adds the missing layer: creativity as a physical skill.

At first 50/50 you resist less and ground more. After a while resistance becomes hard to see from outside but you feel it inside. Eventually 60% ground.

Then:
Feel
into the center
of your central core
even by drops
in ever finer adjustments

— Richard Moon

Free in Moon app — 20 exclusive practices by Richard Moon 6th Dan, unavailable anywhere else.

→ Personalized for FEET with Heat Dance Studio: https://aikifield.com/games/exercises/?studio_id=feet-with-heat-dance-studio&fb_page_id=FEETwithHeatDanceStudio&ref=fb_page_post&exercise=wrist-grab-grounding

Practice creativity as a physical skill.
",Move Better. Create More. — 5-min Wrist Grab Practice,Download App,MOVE BETTER. CREATE MORE.,Wrist Grab Grounding,"Partner · 5 min · Adventures in Aiki-land (R. Moon, 2010)",20 exclusive practices by Richard Moon unavailable anywhere else,https://aikifield.com/games/exercises/?studio_id=feet-with-heat-dance-studio&fb_page_id=FEETwithHeatDanceStudio&exercise=wrist-grab-grounding&ref=fb_page_post,https://aikifield.com/games/exercises/wrist-grab-grounding?studio_id=feet-with-heat-dance-studio&ref=fb_page_post
FEET with Heat Dance Studio,Wellington Region NZ,Dance school,https://www.facebook.com/FEETwithHeatDanceStudio,feet-with-heat-dance-studio,https://aikifield.com/games/exercises/?studio_id=feet-with-heat-dance-studio&fb_page_id=FEETwithHeatDanceStudio&exercise=wrist-grab-grounding&ref=fb_page_post,Wellington's foremost swing dance studio including Ballroom and Latin. 110 Hutt Rd Wellington. Lindy hop swing specialists.,C_DBso_KeepDoingIt,"Drop Back, Sink, Open. KeepDoingIt.

The most powerful practice is presented first — and Wrist Grab Grounding is where you feel it with a partner.

Partner grabs your extended wrist, gently pushes then pulls. Resisting push = easy to pull. Resisting pull = easy to push. Relaxing and 'feeling where you are' = effortless presence, harder to move.

Wellington Region NZ movers at FEET with Heat Dance Studio — this was made for you. Solo or partner, real or invisible.

DBSO. 50% → 60% ground. KeepDoingIt.

From Quantum Aikido Book of Exercises — 20 exclusive practices unavailable anywhere else to improve physical performance + creativity. Student of Robert Nadeau since '71.

Free 5-min guided version → https://aikifield.com/games/exercises/?studio_id=feet-with-heat-dance-studio&fb_page_id=FEETwithHeatDanceStudio&ref=fb_page_post&exercise=wrist-grab-grounding

#CreateABeautifulWorld #MoonSensei
",Practice Creativity — Wrist Grab Grounding for FEET with Heat Dance Studio,Start Free Trial,PRACTICE CREATIVITY,Wrist Grab Grounding,"Partner · 5 min · Adventures in Aiki-land (R. Moon, 2010)",20 exclusive practices by Richard Moon unavailable anywhere else,https://aikifield.com/games/exercises/?studio_id=feet-with-heat-dance-studio&fb_page_id=FEETwithHeatDanceStudio&exercise=wrist-grab-grounding&ref=fb_page_post,https://aikifield.com/games/exercises/wrist-grab-grounding?studio_id=feet-with-heat-dance-studio&ref=fb_page_post
Wing Tsun Academy Wellington,Wellington Region NZ,Martial arts,https://www.facebook.com/146830478773173,wing-tsun-academy-wellington,https://aikifield.com/games/exercises/?studio_id=wing-tsun-academy-wellington&fb_page_id=146830478773173&exercise=wrist-grab-grounding&ref=fb_page_post,Welcome to the Wing Tsun Academy committed to Kung Fu Wing Chun Kuen Wing Tsun. Training method provides sound basis for developing practical and theoretical aspects. 4.6 stars.,A_Lead_Magnet_Demo,"At Wing Tsun Academy Wellington, you know the feeling of being centered vs. being pulled off-center.

Try this 5-min practice from Richard Moon 6th Dan (student of Robert Nadeau since '71):

WRIST GRAB GROUNDING
Partner · 5 min · Adventures in Aiki-land

A partner grabs your extended wrist and gently pushes, then pulls. Resisting the push lets them pull you easily, resisting the pull lets them push you; relaxing and 'feeling where you are' produces an effortless presence that is harder to move.

At first 50/50 - resist less, ground more. Eventually 50% → 60% ground. DBSO. KeepDoingIt.

You can do it with a real partner OR invisible partner (""we say invisible"").

This is Practice #6 from 20 exclusive practices unavailable anywhere else — daily 5-min guided practices to improve physical performance + creativity.

→ Try it free in the new Moon app (personalized for Wing Tsun Academy Wellington students):

Welcome to the Wing Tsun Academy committed to Kung Fu Wing Chun Kuen Wing Tsun. Training method provides sound basis for developing practical and theo...

👉 https://aikifield.com/games/exercises/?studio_id=wing-tsun-academy-wellington&fb_page_id=146830478773173&ref=fb_page_post&exercise=wrist-grab-grounding

#aikido #quantumAikido #RobertNadeau #RichardMoon #CreateABeautifulWorld
",Wing Tsun Academy Wellington Students: Try Wrist Grab Grounding — Free 5-min,Try It Now,20 EXCLUSIVE PRACTICES,Wrist Grab Grounding,"Partner · 5 min · Adventures in Aiki-land (R. Moon, 2010)",20 exclusive practices by Richard Moon unavailable anywhere else,https://aikifield.com/games/exercises/?studio_id=wing-tsun-academy-wellington&fb_page_id=146830478773173&exercise=wrist-grab-grounding&ref=fb_page_post,https://aikifield.com/games/exercises/wrist-grab-grounding?studio_id=wing-tsun-academy-wellington&ref=fb_page_post
Wing Tsun Academy Wellington,Wellington Region NZ,Martial arts,https://www.facebook.com/146830478773173,wing-tsun-academy-wellington,https://aikifield.com/games/exercises/?studio_id=wing-tsun-academy-wellington&fb_page_id=146830478773173&exercise=wrist-grab-grounding&ref=fb_page_post,Welcome to the Wing Tsun Academy committed to Kung Fu Wing Chun Kuen Wing Tsun. Training method provides sound basis for developing practical and theoretical aspects. 4.6 stars.,B_Invisible_Partner,"No partner? No problem. ""We say invisible.""

WRIST GRAB GROUNDING — the simplest exercise from Quantum Aikido.

How: Extend your wrist. Imaginary partner holds and gently pushes, then pulls. Don't resist — relax and 'feel where you are'. You'll feel an effortless presence that's harder to move.

Martial arts at Wing Tsun Academy Wellington is about welcome to the wing tsun academy committed to kung fu wing chun kuen wing tsun. training method prov... This practice adds the missing layer: creativity as a physical skill.

At first 50/50 you resist less and ground more. After a while resistance becomes hard to see from outside but you feel it inside. Eventually 60% ground.

Then:
Feel
into the center
of your central core
even by drops
in ever finer adjustments

— Richard Moon

Free in Moon app — 20 exclusive practices by Richard Moon 6th Dan, unavailable anywhere else.

→ Personalized for Wing Tsun Academy Wellington: https://aikifield.com/games/exercises/?studio_id=wing-tsun-academy-wellington&fb_page_id=146830478773173&ref=fb_page_post&exercise=wrist-grab-grounding

Practice creativity as a physical skill.
",Move Better. Create More. — 5-min Wrist Grab Practice,Download App,MOVE BETTER. CREATE MORE.,Wrist Grab Grounding,"Partner · 5 min · Adventures in Aiki-land (R. Moon, 2010)",20 exclusive practices by Richard Moon unavailable anywhere else,https://aikifield.com/games/exercises/?studio_id=wing-tsun-academy-wellington&fb_page_id=146830478773173&exercise=wrist-grab-grounding&ref=fb_page_post,https://aikifield.com/games/exercises/wrist-grab-grounding?studio_id=wing-tsun-academy-wellington&ref=fb_page_post
Wing Tsun Academy Wellington,Wellington Region NZ,Martial arts,https://www.facebook.com/146830478773173,wing-tsun-academy-wellington,https://aikifield.com/games/exercises/?studio_id=wing-tsun-academy-wellington&fb_page_id=146830478773173&exercise=wrist-grab-grounding&ref=fb_page_post,Welcome to the Wing Tsun Academy committed to Kung Fu Wing Chun Kuen Wing Tsun. Training method provides sound basis for developing practical and theoretical aspects. 4.6 stars.,C_DBso_KeepDoingIt,"Drop Back, Sink, Open. KeepDoingIt.

The most powerful practice is presented first — and Wrist Grab Grounding is where you feel it with a partner.

Partner grabs your extended wrist, gently pushes then pulls. Resisting push = easy to pull. Resisting pull = easy to push. Relaxing and 'feeling where you are' = effortless presence, harder to move.

Wellington Region NZ movers at Wing Tsun Academy Wellington — this was made for you. Solo or partner, real or invisible.

DBSO. 50% → 60% ground. KeepDoingIt.

From Quantum Aikido Book of Exercises — 20 exclusive practices unavailable anywhere else to improve physical performance + creativity. Student of Robert Nadeau since '71.

Free 5-min guided version → https://aikifield.com/games/exercises/?studio_id=wing-tsun-academy-wellington&fb_page_id=146830478773173&ref=fb_page_post&exercise=wrist-grab-grounding

#CreateABeautifulWorld #MoonSensei
",Practice Creativity — Wrist Grab Grounding for Wing Tsun Academy Wellington,Start Free Trial,PRACTICE CREATIVITY,Wrist Grab Grounding,"Partner · 5 min · Adventures in Aiki-land (R. Moon, 2010)",20 exclusive practices by Richard Moon unavailable anywhere else,https://aikifield.com/games/exercises/?studio_id=wing-tsun-academy-wellington&fb_page_id=146830478773173&exercise=wrist-grab-grounding&ref=fb_page_post,https://aikifield.com/games/exercises/wrist-grab-grounding?studio_id=wing-tsun-academy-wellington&ref=fb_page_post
Hapkido Self Defence - Korean Martial Arts Club,Wellington Region NZ,Martial arts,https://www.facebook.com/1529455833962313,hapkido-self-defence---korean-martial-arts-club,https://aikifield.com/games/exercises/?studio_id=hapkido-self-defence---korean-martial-arts-club&fb_page_id=1529455833962313&exercise=wrist-grab-grounding&ref=fb_page_post,Korean Martial Arts Club at 65 Salamanca Rd Wellington. Monday Thursday Saturday classes. Community organization focused on self defence and discipline.,A_Lead_Magnet_Demo,"At Hapkido Self Defence - Korean Martial Arts Club, you know the feeling of being centered vs. being pulled off-center.

Try this 5-min practice from Richard Moon 6th Dan (student of Robert Nadeau since '71):

WRIST GRAB GROUNDING
Partner · 5 min · Adventures in Aiki-land

A partner grabs your extended wrist and gently pushes, then pulls. Resisting the push lets them pull you easily, resisting the pull lets them push you; relaxing and 'feeling where you are' produces an effortless presence that is harder to move.

At first 50/50 - resist less, ground more. Eventually 50% → 60% ground. DBSO. KeepDoingIt.

You can do it with a real partner OR invisible partner (""we say invisible"").

This is Practice #6 from 20 exclusive practices unavailable anywhere else — daily 5-min guided practices to improve physical performance + creativity.

→ Try it free in the new Moon app (personalized for Hapkido Self Defence - Korean Martial Arts Club students):

Korean Martial Arts Club at 65 Salamanca Rd Wellington. Monday Thursday Saturday classes. Community organization focused on self defence and disciplin...

👉 https://aikifield.com/games/exercises/?studio_id=hapkido-self-defence---korean-martial-arts-club&fb_page_id=1529455833962313&ref=fb_page_post&exercise=wrist-grab-grounding

#aikido #quantumAikido #RobertNadeau #RichardMoon #CreateABeautifulWorld
",Hapkido Self Defence - Korean Martial Arts Club Students: Try Wrist Grab Grounding — Free 5-min,Try It Now,20 EXCLUSIVE PRACTICES,Wrist Grab Grounding,"Partner · 5 min · Adventures in Aiki-land (R. Moon, 2010)",20 exclusive practices by Richard Moon unavailable anywhere else,https://aikifield.com/games/exercises/?studio_id=hapkido-self-defence---korean-martial-arts-club&fb_page_id=1529455833962313&exercise=wrist-grab-grounding&ref=fb_page_post,https://aikifield.com/games/exercises/wrist-grab-grounding?studio_id=hapkido-self-defence---korean-martial-arts-club&ref=fb_page_post
Hapkido Self Defence - Korean Martial Arts Club,Wellington Region NZ,Martial arts,https://www.facebook.com/1529455833962313,hapkido-self-defence---korean-martial-arts-club,https://aikifield.com/games/exercises/?studio_id=hapkido-self-defence---korean-martial-arts-club&fb_page_id=1529455833962313&exercise=wrist-grab-grounding&ref=fb_page_post,Korean Martial Arts Club at 65 Salamanca Rd Wellington. Monday Thursday Saturday classes. Community organization focused on self defence and discipline.,B_Invisible_Partner,"No partner? No problem. ""We say invisible.""

WRIST GRAB GROUNDING — the simplest exercise from Quantum Aikido.

How: Extend your wrist. Imaginary partner holds and gently pushes, then pulls. Don't resist — relax and 'feel where you are'. You'll feel an effortless presence that's harder to move.

Martial arts at Hapkido Self Defence - Korean Martial Arts Club is about korean martial arts club at 65 salamanca rd wellington. monday thursday saturday classes. community ... This practice adds the missing layer: creativity as a physical skill.

At first 50/50 you resist less and ground more. After a while resistance becomes hard to see from outside but you feel it inside. Eventually 60% ground.

Then:
Feel
into the center
of your central core
even by drops
in ever finer adjustments

— Richard Moon

Free in Moon app — 20 exclusive practices by Richard Moon 6th Dan, unavailable anywhere else.

→ Personalized for Hapkido Self Defence - Korean Martial Arts Club: https://aikifield.com/games/exercises/?studio_id=hapkido-self-defence---korean-martial-arts-club&fb_page_id=1529455833962313&ref=fb_page_post&exercise=wrist-grab-grounding

Practice creativity as a physical skill.
",Move Better. Create More. — 5-min Wrist Grab Practice,Download App,MOVE BETTER. CREATE MORE.,Wrist Grab Grounding,"Partner · 5 min · Adventures in Aiki-land (R. Moon, 2010)",20 exclusive practices by Richard Moon unavailable anywhere else,https://aikifield.com/games/exercises/?studio_id=hapkido-self-defence---korean-martial-arts-club&fb_page_id=1529455833962313&exercise=wrist-grab-grounding&ref=fb_page_post,https://aikifield.com/games/exercises/wrist-grab-grounding?studio_id=hapkido-self-defence---korean-martial-arts-club&ref=fb_page_post
Hapkido Self Defence - Korean Martial Arts Club,Wellington Region NZ,Martial arts,https://www.facebook.com/1529455833962313,hapkido-self-defence---korean-martial-arts-club,https://aikifield.com/games/exercises/?studio_id=hapkido-self-defence---korean-martial-arts-club&fb_page_id=1529455833962313&exercise=wrist-grab-grounding&ref=fb_page_post,Korean Martial Arts Club at 65 Salamanca Rd Wellington. Monday Thursday Saturday classes. Community organization focused on self defence and discipline.,C_DBso_KeepDoingIt,"Drop Back, Sink, Open. KeepDoingIt.

The most powerful practice is presented first — and Wrist Grab Grounding is where you feel it with a partner.

Partner grabs your extended wrist, gently pushes then pulls. Resisting push = easy to pull. Resisting pull = easy to push. Relaxing and 'feeling where you are' = effortless presence, harder to move.

Wellington Region NZ movers at Hapkido Self Defence - Korean Martial Arts Club — this was made for you. Solo or partner, real or invisible.

DBSO. 50% → 60% ground. KeepDoingIt.

From Quantum Aikido Book of Exercises — 20 exclusive practices unavailable anywhere else to improve physical performance + creativity. Student of Robert Nadeau since '71.

Free 5-min guided version → https://aikifield.com/games/exercises/?studio_id=hapkido-self-defence---korean-martial-arts-club&fb_page_id=1529455833962313&ref=fb_page_post&exercise=wrist-grab-grounding

#CreateABeautifulWorld #MoonSensei
",Practice Creativity — Wrist Grab Grounding for Hapkido Self Defence - Korean Martial Arts Club,Start Free Trial,PRACTICE CREATIVITY,Wrist Grab Grounding,"Partner · 5 min · Adventures in Aiki-land (R. Moon, 2010)",20 exclusive practices by Richard Moon unavailable anywhere else,https://aikifield.com/games/exercises/?studio_id=hapkido-self-defence---korean-martial-arts-club&fb_page_id=1529455833962313&exercise=wrist-grab-grounding&ref=fb_page_post,https://aikifield.com/games/exercises/wrist-grab-grounding?studio_id=hapkido-self-defence---korean-martial-arts-club&ref=fb_page_post
Abundance Yoga Christchurch,Christchurch NZ,Yoga studio,https://www.facebook.com/AbundanceYogaCHCH,abundance-yoga-christchurch,https://aikifield.com/games/exercises/?studio_id=abundance-yoga-christchurch&fb_page_id=AbundanceYogaCHCH&exercise=wrist-grab-grounding&ref=fb_page_post,Abundance Yoga at CityFitness 152 Hereford St Christchurch. Mind body wellness studio offering yoga in central city.,A_Lead_Magnet_Demo,"At Abundance Yoga Christchurch, you know the feeling of being centered vs. being pulled off-center.

Try this 5-min practice from Richard Moon 6th Dan (student of Robert Nadeau since '71):

WRIST GRAB GROUNDING
Partner · 5 min · Adventures in Aiki-land

A partner grabs your extended wrist and gently pushes, then pulls. Resisting the push lets them pull you easily, resisting the pull lets them push you; relaxing and 'feeling where you are' produces an effortless presence that is harder to move.

At first 50/50 - resist less, ground more. Eventually 50% → 60% ground. DBSO. KeepDoingIt.

You can do it with a real partner OR invisible partner (""we say invisible"").

This is Practice #6 from 20 exclusive practices unavailable anywhere else — daily 5-min guided practices to improve physical performance + creativity.

→ Try it free in the new Moon app (personalized for Abundance Yoga Christchurch students):

Abundance Yoga at CityFitness 152 Hereford St Christchurch. Mind body wellness studio offering yoga in central city....

👉 https://aikifield.com/games/exercises/?studio_id=abundance-yoga-christchurch&fb_page_id=AbundanceYogaCHCH&ref=fb_page_post&exercise=wrist-grab-grounding

#aikido #quantumAikido #RobertNadeau #RichardMoon #CreateABeautifulWorld
",Abundance Yoga Christchurch Students: Try Wrist Grab Grounding — Free 5-min,Try It Now,20 EXCLUSIVE PRACTICES,Wrist Grab Grounding,"Partner · 5 min · Adventures in Aiki-land (R. Moon, 2010)",20 exclusive practices by Richard Moon unavailable anywhere else,https://aikifield.com/games/exercises/?studio_id=abundance-yoga-christchurch&fb_page_id=AbundanceYogaCHCH&exercise=wrist-grab-grounding&ref=fb_page_post,https://aikifield.com/games/exercises/wrist-grab-grounding?studio_id=abundance-yoga-christchurch&ref=fb_page_post
Abundance Yoga Christchurch,Christchurch NZ,Yoga studio,https://www.facebook.com/AbundanceYogaCHCH,abundance-yoga-christchurch,https://aikifield.com/games/exercises/?studio_id=abundance-yoga-christchurch&fb_page_id=AbundanceYogaCHCH&exercise=wrist-grab-grounding&ref=fb_page_post,Abundance Yoga at CityFitness 152 Hereford St Christchurch. Mind body wellness studio offering yoga in central city.,B_Invisible_Partner,"No partner? No problem. ""We say invisible.""

WRIST GRAB GROUNDING — the simplest exercise from Quantum Aikido.

How: Extend your wrist. Imaginary partner holds and gently pushes, then pulls. Don't resist — relax and 'feel where you are'. You'll feel an effortless presence that's harder to move.

Yoga studio at Abundance Yoga Christchurch is about abundance yoga at cityfitness 152 hereford st christchurch. mind body wellness studio offering yoga ... This practice adds the missing layer: creativity as a physical skill.

At first 50/50 you resist less and ground more. After a while resistance becomes hard to see from outside but you feel it inside. Eventually 60% ground.

Then:
Feel
into the center
of your central core
even by drops
in ever finer adjustments

— Richard Moon

Free in Moon app — 20 exclusive practices by Richard Moon 6th Dan, unavailable anywhere else.

→ Personalized for Abundance Yoga Christchurch: https://aikifield.com/games/exercises/?studio_id=abundance-yoga-christchurch&fb_page_id=AbundanceYogaCHCH&ref=fb_page_post&exercise=wrist-grab-grounding

Practice creativity as a physical skill.
",Move Better. Create More. — 5-min Wrist Grab Practice,Download App,MOVE BETTER. CREATE MORE.,Wrist Grab Grounding,"Partner · 5 min · Adventures in Aiki-land (R. Moon, 2010)",20 exclusive practices by Richard Moon unavailable anywhere else,https://aikifield.com/games/exercises/?studio_id=abundance-yoga-christchurch&fb_page_id=AbundanceYogaCHCH&exercise=wrist-grab-grounding&ref=fb_page_post,https://aikifield.com/games/exercises/wrist-grab-grounding?studio_id=abundance-yoga-christchurch&ref=fb_page_post
Abundance Yoga Christchurch,Christchurch NZ,Yoga studio,https://www.facebook.com/AbundanceYogaCHCH,abundance-yoga-christchurch,https://aikifield.com/games/exercises/?studio_id=abundance-yoga-christchurch&fb_page_id=AbundanceYogaCHCH&exercise=wrist-grab-grounding&ref=fb_page_post,Abundance Yoga at CityFitness 152 Hereford St Christchurch. Mind body wellness studio offering yoga in central city.,C_DBso_KeepDoingIt,"Drop Back, Sink, Open. KeepDoingIt.

The most powerful practice is presented first — and Wrist Grab Grounding is where you feel it with a partner.

Partner grabs your extended wrist, gently pushes then pulls. Resisting push = easy to pull. Resisting pull = easy to push. Relaxing and 'feeling where you are' = effortless presence, harder to move.

Christchurch NZ movers at Abundance Yoga Christchurch — this was made for you. Solo or partner, real or invisible.

DBSO. 50% → 60% ground. KeepDoingIt.

From Quantum Aikido Book of Exercises — 20 exclusive practices unavailable anywhere else to improve physical performance + creativity. Student of Robert Nadeau since '71.

Free 5-min guided version → https://aikifield.com/games/exercises/?studio_id=abundance-yoga-christchurch&fb_page_id=AbundanceYogaCHCH&ref=fb_page_post&exercise=wrist-grab-grounding

#CreateABeautifulWorld #MoonSensei
",Practice Creativity — Wrist Grab Grounding for Abundance Yoga Christchurch,Start Free Trial,PRACTICE CREATIVITY,Wrist Grab Grounding,"Partner · 5 min · Adventures in Aiki-land (R. Moon, 2010)",20 exclusive practices by Richard Moon unavailable anywhere else,https://aikifield.com/games/exercises/?studio_id=abundance-yoga-christchurch&fb_page_id=AbundanceYogaCHCH&exercise=wrist-grab-grounding&ref=fb_page_post,https://aikifield.com/games/exercises/wrist-grab-grounding?studio_id=abundance-yoga-christchurch&ref=fb_page_post
The Pilates Studio Christchurch - Evolve / Movement Studio Geraldine,Canterbury NZ,Movement studio,https://www.facebook.com/115077771578384,the-pilates-studio-christchurch---evolve---movement-studio-geraldine,https://aikifield.com/games/exercises/?studio_id=the-pilates-studio-christchurch---evolve---movement-studio-geraldine&fb_page_id=115077771578384&exercise=wrist-grab-grounding&ref=fb_page_post,Movement Studio Geraldine at 3A Talbot St Geraldine NZ. Small town gym personal trainer Pilates community hub. Part of Canterbury movement studio network including Rolleston.,A_Lead_Magnet_Demo,"At The Pilates Studio Christchurch - Evolve / Movement Studio Geraldine, you know the feeling of being centered vs. being pulled off-center.

Try this 5-min practice from Richard Moon 6th Dan (student of Robert Nadeau since '71):

WRIST GRAB GROUNDING
Partner · 5 min · Adventures in Aiki-land

A partner grabs your extended wrist and gently pushes, then pulls. Resisting the push lets them pull you easily, resisting the pull lets them push you; relaxing and 'feeling where you are' produces an effortless presence that is harder to move.

At first 50/50 - resist less, ground more. Eventually 50% → 60% ground. DBSO. KeepDoingIt.

You can do it with a real partner OR invisible partner (""we say invisible"").

This is Practice #6 from 20 exclusive practices unavailable anywhere else — daily 5-min guided practices to improve physical performance + creativity.

→ Try it free in the new Moon app (personalized for The Pilates Studio Christchurch - Evolve / Movement Studio Geraldine students):

Movement Studio Geraldine at 3A Talbot St Geraldine NZ. Small town gym personal trainer Pilates community hub. Part of Canterbury movement studio netw...

👉 https://aikifield.com/games/exercises/?studio_id=the-pilates-studio-christchurch---evolve---movement-studio-geraldine&fb_page_id=115077771578384&ref=fb_page_post&exercise=wrist-grab-grounding

#aikido #quantumAikido #RobertNadeau #RichardMoon #CreateABeautifulWorld
",The Pilates Studio Christchurch - Evolve / Movement Studio Geraldine Students: Try Wrist Grab Grounding — Free 5-min,Try It Now,20 EXCLUSIVE PRACTICES,Wrist Grab Grounding,"Partner · 5 min · Adventures in Aiki-land (R. Moon, 2010)",20 exclusive practices by Richard Moon unavailable anywhere else,https://aikifield.com/games/exercises/?studio_id=the-pilates-studio-christchurch---evolve---movement-studio-geraldine&fb_page_id=115077771578384&exercise=wrist-grab-grounding&ref=fb_page_post,https://aikifield.com/games/exercises/wrist-grab-grounding?studio_id=the-pilates-studio-christchurch---evolve---movement-studio-geraldine&ref=fb_page_post
The Pilates Studio Christchurch - Evolve / Movement Studio Geraldine,Canterbury NZ,Movement studio,https://www.facebook.com/115077771578384,the-pilates-studio-christchurch---evolve---movement-studio-geraldine,https://aikifield.com/games/exercises/?studio_id=the-pilates-studio-christchurch---evolve---movement-studio-geraldine&fb_page_id=115077771578384&exercise=wrist-grab-grounding&ref=fb_page_post,Movement Studio Geraldine at 3A Talbot St Geraldine NZ. Small town gym personal trainer Pilates community hub. Part of Canterbury movement studio network including Rolleston.,B_Invisible_Partner,"No partner? No problem. ""We say invisible.""

WRIST GRAB GROUNDING — the simplest exercise from Quantum Aikido.

How: Extend your wrist. Imaginary partner holds and gently pushes, then pulls. Don't resist — relax and 'feel where you are'. You'll feel an effortless presence that's harder to move.

Movement studio at The Pilates Studio Christchurch - Evolve / Movement Studio Geraldine is about movement studio geraldine at 3a talbot st geraldine nz. small town gym personal trainer pilates comm... This practice adds the missing layer: creativity as a physical skill.

At first 50/50 you resist less and ground more. After a while resistance becomes hard to see from outside but you feel it inside. Eventually 60% ground.

Then:
Feel
into the center
of your central core
even by drops
in ever finer adjustments

— Richard Moon

Free in Moon app — 20 exclusive practices by Richard Moon 6th Dan, unavailable anywhere else.

→ Personalized for The Pilates Studio Christchurch - Evolve / Movement Studio Geraldine: https://aikifield.com/games/exercises/?studio_id=the-pilates-studio-christchurch---evolve---movement-studio-geraldine&fb_page_id=115077771578384&ref=fb_page_post&exercise=wrist-grab-grounding

Practice creativity as a physical skill.
",Move Better. Create More. — 5-min Wrist Grab Practice,Download App,MOVE BETTER. CREATE MORE.,Wrist Grab Grounding,"Partner · 5 min · Adventures in Aiki-land (R. Moon, 2010)",20 exclusive practices by Richard Moon unavailable anywhere else,https://aikifield.com/games/exercises/?studio_id=the-pilates-studio-christchurch---evolve---movement-studio-geraldine&fb_page_id=115077771578384&exercise=wrist-grab-grounding&ref=fb_page_post,https://aikifield.com/games/exercises/wrist-grab-grounding?studio_id=the-pilates-studio-christchurch---evolve---movement-studio-geraldine&ref=fb_page_post
The Pilates Studio Christchurch - Evolve / Movement Studio Geraldine,Canterbury NZ,Movement studio,https://www.facebook.com/115077771578384,the-pilates-studio-christchurch---evolve---movement-studio-geraldine,https://aikifield.com/games/exercises/?studio_id=the-pilates-studio-christchurch---evolve---movement-studio-geraldine&fb_page_id=115077771578384&exercise=wrist-grab-grounding&ref=fb_page_post,Movement Studio Geraldine at 3A Talbot St Geraldine NZ. Small town gym personal trainer Pilates community hub. Part of Canterbury movement studio network including Rolleston.,C_DBso_KeepDoingIt,"Drop Back, Sink, Open. KeepDoingIt.

The most powerful practice is presented first — and Wrist Grab Grounding is where you feel it with a partner.

Partner grabs your extended wrist, gently pushes then pulls. Resisting push = easy to pull. Resisting pull = easy to push. Relaxing and 'feeling where you are' = effortless presence, harder to move.

Canterbury NZ movers at The Pilates Studio Christchurch - Evolve / Movement Studio Geraldine — this was made for you. Solo or partner, real or invisible.

DBSO. 50% → 60% ground. KeepDoingIt.

From Quantum Aikido Book of Exercises — 20 exclusive practices unavailable anywhere else to improve physical performance + creativity. Student of Robert Nadeau since '71.

Free 5-min guided version → https://aikifield.com/games/exercises/?studio_id=the-pilates-studio-christchurch---evolve---movement-studio-geraldine&fb_page_id=115077771578384&ref=fb_page_post&exercise=wrist-grab-grounding

#CreateABeautifulWorld #MoonSensei
",Practice Creativity — Wrist Grab Grounding for The Pilates Studio Christchurch - Evolve / Movement Studio Geraldine,Start Free Trial,PRACTICE CREATIVITY,Wrist Grab Grounding,"Partner · 5 min · Adventures in Aiki-land (R. Moon, 2010)",20 exclusive practices by Richard Moon unavailable anywhere else,https://aikifield.com/games/exercises/?studio_id=the-pilates-studio-christchurch---evolve---movement-studio-geraldine&fb_page_id=115077771578384&exercise=wrist-grab-grounding&ref=fb_page_post,https://aikifield.com/games/exercises/wrist-grab-grounding?studio_id=the-pilates-studio-christchurch---evolve---movement-studio-geraldine&ref=fb_page_post
Wellington Wing Tsun Kung Fu Club,Wellington Region NZ,Martial arts,https://www.facebook.com/WellingtonWingTsun,wellington-wing-tsun-kung-fu-club,https://aikifield.com/games/exercises/?studio_id=wellington-wing-tsun-kung-fu-club&fb_page_id=WellingtonWingTsun&exercise=wrist-grab-grounding&ref=fb_page_post,Level 1 66 Dixon St Wellington. Wing Tsun Kung Fu Club community martial arts. Sunday training.,A_Lead_Magnet_Demo,"At Wellington Wing Tsun Kung Fu Club, you know the feeling of being centered vs. being pulled off-center.

Try this 5-min practice from Richard Moon 6th Dan (student of Robert Nadeau since '71):

WRIST GRAB GROUNDING
Partner · 5 min · Adventures in Aiki-land

A partner grabs your extended wrist and gently pushes, then pulls. Resisting the push lets them pull you easily, resisting the pull lets them push you; relaxing and 'feeling where you are' produces an effortless presence that is harder to move.

At first 50/50 - resist less, ground more. Eventually 50% → 60% ground. DBSO. KeepDoingIt.

You can do it with a real partner OR invisible partner (""we say invisible"").

This is Practice #6 from 20 exclusive practices unavailable anywhere else — daily 5-min guided practices to improve physical performance + creativity.

→ Try it free in the new Moon app (personalized for Wellington Wing Tsun Kung Fu Club students):

Level 1 66 Dixon St Wellington. Wing Tsun Kung Fu Club community martial arts. Sunday training....

👉 https://aikifield.com/games/exercises/?studio_id=wellington-wing-tsun-kung-fu-club&fb_page_id=WellingtonWingTsun&ref=fb_page_post&exercise=wrist-grab-grounding

#aikido #quantumAikido #RobertNadeau #RichardMoon #CreateABeautifulWorld
",Wellington Wing Tsun Kung Fu Club Students: Try Wrist Grab Grounding — Free 5-min,Try It Now,20 EXCLUSIVE PRACTICES,Wrist Grab Grounding,"Partner · 5 min · Adventures in Aiki-land (R. Moon, 2010)",20 exclusive practices by Richard Moon unavailable anywhere else,https://aikifield.com/games/exercises/?studio_id=wellington-wing-tsun-kung-fu-club&fb_page_id=WellingtonWingTsun&exercise=wrist-grab-grounding&ref=fb_page_post,https://aikifield.com/games/exercises/wrist-grab-grounding?studio_id=wellington-wing-tsun-kung-fu-club&ref=fb_page_post
Wellington Wing Tsun Kung Fu Club,Wellington Region NZ,Martial arts,https://www.facebook.com/WellingtonWingTsun,wellington-wing-tsun-kung-fu-club,https://aikifield.com/games/exercises/?studio_id=wellington-wing-tsun-kung-fu-club&fb_page_id=WellingtonWingTsun&exercise=wrist-grab-grounding&ref=fb_page_post,Level 1 66 Dixon St Wellington. Wing Tsun Kung Fu Club community martial arts. Sunday training.,B_Invisible_Partner,"No partner? No problem. ""We say invisible.""

WRIST GRAB GROUNDING — the simplest exercise from Quantum Aikido.

How: Extend your wrist. Imaginary partner holds and gently pushes, then pulls. Don't resist — relax and 'feel where you are'. You'll feel an effortless presence that's harder to move.

Martial arts at Wellington Wing Tsun Kung Fu Club is about level 1 66 dixon st wellington. wing tsun kung fu club community martial arts. sunday training.... This practice adds the missing layer: creativity as a physical skill.

At first 50/50 you resist less and ground more. After a while resistance becomes hard to see from outside but you feel it inside. Eventually 60% ground.

Then:
Feel
into the center
of your central core
even by drops
in ever finer adjustments

— Richard Moon

Free in Moon app — 20 exclusive practices by Richard Moon 6th Dan, unavailable anywhere else.

→ Personalized for Wellington Wing Tsun Kung Fu Club: https://aikifield.com/games/exercises/?studio_id=wellington-wing-tsun-kung-fu-club&fb_page_id=WellingtonWingTsun&ref=fb_page_post&exercise=wrist-grab-grounding

Practice creativity as a physical skill.
",Move Better. Create More. — 5-min Wrist Grab Practice,Download App,MOVE BETTER. CREATE MORE.,Wrist Grab Grounding,"Partner · 5 min · Adventures in Aiki-land (R. Moon, 2010)",20 exclusive practices by Richard Moon unavailable anywhere else,https://aikifield.com/games/exercises/?studio_id=wellington-wing-tsun-kung-fu-club&fb_page_id=WellingtonWingTsun&exercise=wrist-grab-grounding&ref=fb_page_post,https://aikifield.com/games/exercises/wrist-grab-grounding?studio_id=wellington-wing-tsun-kung-fu-club&ref=fb_page_post
Wellington Wing Tsun Kung Fu Club,Wellington Region NZ,Martial arts,https://www.facebook.com/WellingtonWingTsun,wellington-wing-tsun-kung-fu-club,https://aikifield.com/games/exercises/?studio_id=wellington-wing-tsun-kung-fu-club&fb_page_id=WellingtonWingTsun&exercise=wrist-grab-grounding&ref=fb_page_post,Level 1 66 Dixon St Wellington. Wing Tsun Kung Fu Club community martial arts. Sunday training.,C_DBso_KeepDoingIt,"Drop Back, Sink, Open. KeepDoingIt.

The most powerful practice is presented first — and Wrist Grab Grounding is where you feel it with a partner.

Partner grabs your extended wrist, gently pushes then pulls. Resisting push = easy to pull. Resisting pull = easy to push. Relaxing and 'feeling where you are' = effortless presence, harder to move.

Wellington Region NZ movers at Wellington Wing Tsun Kung Fu Club — this was made for you. Solo or partner, real or invisible.

DBSO. 50% → 60% ground. KeepDoingIt.

From Quantum Aikido Book of Exercises — 20 exclusive practices unavailable anywhere else to improve physical performance + creativity. Student of Robert Nadeau since '71.

Free 5-min guided version → https://aikifield.com/games/exercises/?studio_id=wellington-wing-tsun-kung-fu-club&fb_page_id=WellingtonWingTsun&ref=fb_page_post&exercise=wrist-grab-grounding

#CreateABeautifulWorld #MoonSensei
",Practice Creativity — Wrist Grab Grounding for Wellington Wing Tsun Kung Fu Club,Start Free Trial,PRACTICE CREATIVITY,Wrist Grab Grounding,"Partner · 5 min · Adventures in Aiki-land (R. Moon, 2010)",20 exclusive practices by Richard Moon unavailable anywhere else,https://aikifield.com/games/exercises/?studio_id=wellington-wing-tsun-kung-fu-club&fb_page_id=WellingtonWingTsun&exercise=wrist-grab-grounding&ref=fb_page_post,https://aikifield.com/games/exercises/wrist-grab-grounding?studio_id=wellington-wing-tsun-kung-fu-club&ref=fb_page_post
Spiritus - Holistic Movement Studio Wellington,Wellington Region NZ,Movement studio,https://www.facebook.com/SpiritusWellington,spiritus---holistic-movement-studio-wellington,https://aikifield.com/games/exercises/?studio_id=spiritus---holistic-movement-studio-wellington&fb_page_id=SpiritusWellington&exercise=wrist-grab-grounding&ref=fb_page_post,11-15 Torrens Terrace Wellington 2026. Holistic movement and wellness studio offering movement as medicine approach in central Wellington.,A_Lead_Magnet_Demo,"At Spiritus - Holistic Movement Studio Wellington, you know the feeling of being centered vs. being pulled off-center.

Try this 5-min practice from Richard Moon 6th Dan (student of Robert Nadeau since '71):

WRIST GRAB GROUNDING
Partner · 5 min · Adventures in Aiki-land

A partner grabs your extended wrist and gently pushes, then pulls. Resisting the push lets them pull you easily, resisting the pull lets them push you; relaxing and 'feeling where you are' produces an effortless presence that is harder to move.

At first 50/50 - resist less, ground more. Eventually 50% → 60% ground. DBSO. KeepDoingIt.

You can do it with a real partner OR invisible partner (""we say invisible"").

This is Practice #6 from 20 exclusive practices unavailable anywhere else — daily 5-min guided practices to improve physical performance + creativity.

→ Try it free in the new Moon app (personalized for Spiritus - Holistic Movement Studio Wellington students):

11-15 Torrens Terrace Wellington 2026. Holistic movement and wellness studio offering movement as medicine approach in central Wellington....

👉 https://aikifield.com/games/exercises/?studio_id=spiritus---holistic-movement-studio-wellington&fb_page_id=SpiritusWellington&ref=fb_page_post&exercise=wrist-grab-grounding

#aikido #quantumAikido #RobertNadeau #RichardMoon #CreateABeautifulWorld
",Spiritus - Holistic Movement Studio Wellington Students: Try Wrist Grab Grounding — Free 5-min,Try It Now,20 EXCLUSIVE PRACTICES,Wrist Grab Grounding,"Partner · 5 min · Adventures in Aiki-land (R. Moon, 2010)",20 exclusive practices by Richard Moon unavailable anywhere else,https://aikifield.com/games/exercises/?studio_id=spiritus---holistic-movement-studio-wellington&fb_page_id=SpiritusWellington&exercise=wrist-grab-grounding&ref=fb_page_post,https://aikifield.com/games/exercises/wrist-grab-grounding?studio_id=spiritus---holistic-movement-studio-wellington&ref=fb_page_post
Spiritus - Holistic Movement Studio Wellington,Wellington Region NZ,Movement studio,https://www.facebook.com/SpiritusWellington,spiritus---holistic-movement-studio-wellington,https://aikifield.com/games/exercises/?studio_id=spiritus---holistic-movement-studio-wellington&fb_page_id=SpiritusWellington&exercise=wrist-grab-grounding&ref=fb_page_post,11-15 Torrens Terrace Wellington 2026. Holistic movement and wellness studio offering movement as medicine approach in central Wellington.,B_Invisible_Partner,"No partner? No problem. ""We say invisible.""

WRIST GRAB GROUNDING — the simplest exercise from Quantum Aikido.

How: Extend your wrist. Imaginary partner holds and gently pushes, then pulls. Don't resist — relax and 'feel where you are'. You'll feel an effortless presence that's harder to move.

Movement studio at Spiritus - Holistic Movement Studio Wellington is about 11-15 torrens terrace wellington 2026. holistic movement and wellness studio offering movement as me... This practice adds the missing layer: creativity as a physical skill.

At first 50/50 you resist less and ground more. After a while resistance becomes hard to see from outside but you feel it inside. Eventually 60% ground.

Then:
Feel
into the center
of your central core
even by drops
in ever finer adjustments

— Richard Moon

Free in Moon app — 20 exclusive practices by Richard Moon 6th Dan, unavailable anywhere else.

→ Personalized for Spiritus - Holistic Movement Studio Wellington: https://aikifield.com/games/exercises/?studio_id=spiritus---holistic-movement-studio-wellington&fb_page_id=SpiritusWellington&ref=fb_page_post&exercise=wrist-grab-grounding

Practice creativity as a physical skill.
",Move Better. Create More. — 5-min Wrist Grab Practice,Download App,MOVE BETTER. CREATE MORE.,Wrist Grab Grounding,"Partner · 5 min · Adventures in Aiki-land (R. Moon, 2010)",20 exclusive practices by Richard Moon unavailable anywhere else,https://aikifield.com/games/exercises/?studio_id=spiritus---holistic-movement-studio-wellington&fb_page_id=SpiritusWellington&exercise=wrist-grab-grounding&ref=fb_page_post,https://aikifield.com/games/exercises/wrist-grab-grounding?studio_id=spiritus---holistic-movement-studio-wellington&ref=fb_page_post
Spiritus - Holistic Movement Studio Wellington,Wellington Region NZ,Movement studio,https://www.facebook.com/SpiritusWellington,spiritus---holistic-movement-studio-wellington,https://aikifield.com/games/exercises/?studio_id=spiritus---holistic-movement-studio-wellington&fb_page_id=SpiritusWellington&exercise=wrist-grab-grounding&ref=fb_page_post,11-15 Torrens Terrace Wellington 2026. Holistic movement and wellness studio offering movement as medicine approach in central Wellington.,C_DBso_KeepDoingIt,"Drop Back, Sink, Open. KeepDoingIt.

The most powerful practice is presented first — and Wrist Grab Grounding is where you feel it with a partner.

Partner grabs your extended wrist, gently pushes then pulls. Resisting push = easy to pull. Resisting pull = easy to push. Relaxing and 'feeling where you are' = effortless presence, harder to move.

Wellington Region NZ movers at Spiritus - Holistic Movement Studio Wellington — this was made for you. Solo or partner, real or invisible.

DBSO. 50% → 60% ground. KeepDoingIt.

From Quantum Aikido Book of Exercises — 20 exclusive practices unavailable anywhere else to improve physical performance + creativity. Student of Robert Nadeau since '71.

Free 5-min guided version → https://aikifield.com/games/exercises/?studio_id=spiritus---holistic-movement-studio-wellington&fb_page_id=SpiritusWellington&ref=fb_page_post&exercise=wrist-grab-grounding

#CreateABeautifulWorld #MoonSensei
",Practice Creativity — Wrist Grab Grounding for Spiritus - Holistic Movement Studio Wellington,Start Free Trial,PRACTICE CREATIVITY,Wrist Grab Grounding,"Partner · 5 min · Adventures in Aiki-land (R. Moon, 2010)",20 exclusive practices by Richard Moon unavailable anywhere else,https://aikifield.com/games/exercises/?studio_id=spiritus---holistic-movement-studio-wellington&fb_page_id=SpiritusWellington&exercise=wrist-grab-grounding&ref=fb_page_post,https://aikifield.com/games/exercises/wrist-grab-grounding?studio_id=spiritus---holistic-movement-studio-wellington&ref=fb_page_post
Piko Studio Christchurch - Kilmore St Collective,Christchurch NZ,Wellness collective,https://www.facebook.com/PikoStudioCHCH,piko-studio-christchurch---kilmore-st-collective,https://aikifield.com/games/exercises/?studio_id=piko-studio-christchurch---kilmore-st-collective&fb_page_id=PikoStudioCHCH&exercise=wrist-grab-grounding&ref=fb_page_post,227 Kilmore St Christchurch creative wellness collective housing yoga pilates and movement practices. Collaborative independent practitioner space.,A_Lead_Magnet_Demo,"At Piko Studio Christchurch - Kilmore St Collective, you know the feeling of being centered vs. being pulled off-center.

Try this 5-min practice from Richard Moon 6th Dan (student of Robert Nadeau since '71):

WRIST GRAB GROUNDING
Partner · 5 min · Adventures in Aiki-land

A partner grabs your extended wrist and gently pushes, then pulls. Resisting the push lets them pull you easily, resisting the pull lets them push you; relaxing and 'feeling where you are' produces an effortless presence that is harder to move.

At first 50/50 - resist less, ground more. Eventually 50% → 60% ground. DBSO. KeepDoingIt.

You can do it with a real partner OR invisible partner (""we say invisible"").

This is Practice #6 from 20 exclusive practices unavailable anywhere else — daily 5-min guided practices to improve physical performance + creativity.

→ Try it free in the new Moon app (personalized for Piko Studio Christchurch - Kilmore St Collective students):

227 Kilmore St Christchurch creative wellness collective housing yoga pilates and movement practices. Collaborative independent practitioner space....

👉 https://aikifield.com/games/exercises/?studio_id=piko-studio-christchurch---kilmore-st-collective&fb_page_id=PikoStudioCHCH&ref=fb_page_post&exercise=wrist-grab-grounding

#aikido #quantumAikido #RobertNadeau #RichardMoon #CreateABeautifulWorld
",Piko Studio Christchurch - Kilmore St Collective Students: Try Wrist Grab Grounding — Free 5-min,Try It Now,20 EXCLUSIVE PRACTICES,Wrist Grab Grounding,"Partner · 5 min · Adventures in Aiki-land (R. Moon, 2010)",20 exclusive practices by Richard Moon unavailable anywhere else,https://aikifield.com/games/exercises/?studio_id=piko-studio-christchurch---kilmore-st-collective&fb_page_id=PikoStudioCHCH&exercise=wrist-grab-grounding&ref=fb_page_post,https://aikifield.com/games/exercises/wrist-grab-grounding?studio_id=piko-studio-christchurch---kilmore-st-collective&ref=fb_page_post
Piko Studio Christchurch - Kilmore St Collective,Christchurch NZ,Wellness collective,https://www.facebook.com/PikoStudioCHCH,piko-studio-christchurch---kilmore-st-collective,https://aikifield.com/games/exercises/?studio_id=piko-studio-christchurch---kilmore-st-collective&fb_page_id=PikoStudioCHCH&exercise=wrist-grab-grounding&ref=fb_page_post,227 Kilmore St Christchurch creative wellness collective housing yoga pilates and movement practices. Collaborative independent practitioner space.,B_Invisible_Partner,"No partner? No problem. ""We say invisible.""

WRIST GRAB GROUNDING — the simplest exercise from Quantum Aikido.

How: Extend your wrist. Imaginary partner holds and gently pushes, then pulls. Don't resist — relax and 'feel where you are'. You'll feel an effortless presence that's harder to move.

Wellness collective at Piko Studio Christchurch - Kilmore St Collective is about 227 kilmore st christchurch creative wellness collective housing yoga pilates and movement practices... This practice adds the missing layer: creativity as a physical skill.

At first 50/50 you resist less and ground more. After a while resistance becomes hard to see from outside but you feel it inside. Eventually 60% ground.

Then:
Feel
into the center
of your central core
even by drops
in ever finer adjustments

— Richard Moon

Free in Moon app — 20 exclusive practices by Richard Moon 6th Dan, unavailable anywhere else.

→ Personalized for Piko Studio Christchurch - Kilmore St Collective: https://aikifield.com/games/exercises/?studio_id=piko-studio-christchurch---kilmore-st-collective&fb_page_id=PikoStudioCHCH&ref=fb_page_post&exercise=wrist-grab-grounding

Practice creativity as a physical skill.
",Move Better. Create More. — 5-min Wrist Grab Practice,Download App,MOVE BETTER. CREATE MORE.,Wrist Grab Grounding,"Partner · 5 min · Adventures in Aiki-land (R. Moon, 2010)",20 exclusive practices by Richard Moon unavailable anywhere else,https://aikifield.com/games/exercises/?studio_id=piko-studio-christchurch---kilmore-st-collective&fb_page_id=PikoStudioCHCH&exercise=wrist-grab-grounding&ref=fb_page_post,https://aikifield.com/games/exercises/wrist-grab-grounding?studio_id=piko-studio-christchurch---kilmore-st-collective&ref=fb_page_post
Piko Studio Christchurch - Kilmore St Collective,Christchurch NZ,Wellness collective,https://www.facebook.com/PikoStudioCHCH,piko-studio-christchurch---kilmore-st-collective,https://aikifield.com/games/exercises/?studio_id=piko-studio-christchurch---kilmore-st-collective&fb_page_id=PikoStudioCHCH&exercise=wrist-grab-grounding&ref=fb_page_post,227 Kilmore St Christchurch creative wellness collective housing yoga pilates and movement practices. Collaborative independent practitioner space.,C_DBso_KeepDoingIt,"Drop Back, Sink, Open. KeepDoingIt.

The most powerful practice is presented first — and Wrist Grab Grounding is where you feel it with a partner.

Partner grabs your extended wrist, gently pushes then pulls. Resisting push = easy to pull. Resisting pull = easy to push. Relaxing and 'feeling where you are' = effortless presence, harder to move.

Christchurch NZ movers at Piko Studio Christchurch - Kilmore St Collective — this was made for you. Solo or partner, real or invisible.

DBSO. 50% → 60% ground. KeepDoingIt.

From Quantum Aikido Book of Exercises — 20 exclusive practices unavailable anywhere else to improve physical performance + creativity. Student of Robert Nadeau since '71.

Free 5-min guided version → https://aikifield.com/games/exercises/?studio_id=piko-studio-christchurch---kilmore-st-collective&fb_page_id=PikoStudioCHCH&ref=fb_page_post&exercise=wrist-grab-grounding

#CreateABeautifulWorld #MoonSensei
",Practice Creativity — Wrist Grab Grounding for Piko Studio Christchurch - Kilmore St Collective,Start Free Trial,PRACTICE CREATIVITY,Wrist Grab Grounding,"Partner · 5 min · Adventures in Aiki-land (R. Moon, 2010)",20 exclusive practices by Richard Moon unavailable anywhere else,https://aikifield.com/games/exercises/?studio_id=piko-studio-christchurch---kilmore-st-collective&fb_page_id=PikoStudioCHCH&exercise=wrist-grab-grounding&ref=fb_page_post,https://aikifield.com/games/exercises/wrist-grab-grounding?studio_id=piko-studio-christchurch---kilmore-st-collective&ref=fb_page_post
Saffron / Roti Chenai Community Dance Hubs - Dixon St Strip,Wellington NZ,Movement corridor,https://www.facebook.com/WeZoukWellington,saffron---roti-chenai-community-dance-hubs---dixon-st-strip,https://aikifield.com/games/exercises/?studio_id=saffron---roti-chenai-community-dance-hubs---dixon-st-strip&fb_page_id=WeZoukWellington&exercise=wrist-grab-grounding&ref=fb_page_post,"The Dixon St strip 60-66 Dixon houses multiple movement communities — WeZouk, Wellington Wing Tsun, and social dance. Central Wellington movement corridor.",A_Lead_Magnet_Demo,"At Saffron / Roti Chenai Community Dance Hubs - Dixon St Strip, you know the feeling of being centered vs. being pulled off-center.

Try this 5-min practice from Richard Moon 6th Dan (student of Robert Nadeau since '71):

WRIST GRAB GROUNDING
Partner · 5 min · Adventures in Aiki-land

A partner grabs your extended wrist and gently pushes, then pulls. Resisting the push lets them pull you easily, resisting the pull lets them push you; relaxing and 'feeling where you are' produces an effortless presence that is harder to move.

At first 50/50 - resist less, ground more. Eventually 50% → 60% ground. DBSO. KeepDoingIt.

You can do it with a real partner OR invisible partner (""we say invisible"").

This is Practice #6 from 20 exclusive practices unavailable anywhere else — daily 5-min guided practices to improve physical performance + creativity.

→ Try it free in the new Moon app (personalized for Saffron / Roti Chenai Community Dance Hubs - Dixon St Strip students):

The Dixon St strip 60-66 Dixon houses multiple movement communities — WeZouk, Wellington Wing Tsun, and social dance. Central Wellington movement corr...

👉 https://aikifield.com/games/exercises/?studio_id=saffron---roti-chenai-community-dance-hubs---dixon-st-strip&fb_page_id=WeZoukWellington&ref=fb_page_post&exercise=wrist-grab-grounding

#aikido #quantumAikido #RobertNadeau #RichardMoon #CreateABeautifulWorld
",Saffron / Roti Chenai Community Dance Hubs - Dixon St Strip Students: Try Wrist Grab Grounding — Free 5-min,Try It Now,20 EXCLUSIVE PRACTICES,Wrist Grab Grounding,"Partner · 5 min · Adventures in Aiki-land (R. Moon, 2010)",20 exclusive practices by Richard Moon unavailable anywhere else,https://aikifield.com/games/exercises/?studio_id=saffron---roti-chenai-community-dance-hubs---dixon-st-strip&fb_page_id=WeZoukWellington&exercise=wrist-grab-grounding&ref=fb_page_post,https://aikifield.com/games/exercises/wrist-grab-grounding?studio_id=saffron---roti-chenai-community-dance-hubs---dixon-st-strip&ref=fb_page_post
Saffron / Roti Chenai Community Dance Hubs - Dixon St Strip,Wellington NZ,Movement corridor,https://www.facebook.com/WeZoukWellington,saffron---roti-chenai-community-dance-hubs---dixon-st-strip,https://aikifield.com/games/exercises/?studio_id=saffron---roti-chenai-community-dance-hubs---dixon-st-strip&fb_page_id=WeZoukWellington&exercise=wrist-grab-grounding&ref=fb_page_post,"The Dixon St strip 60-66 Dixon houses multiple movement communities — WeZouk, Wellington Wing Tsun, and social dance. Central Wellington movement corridor.",B_Invisible_Partner,"No partner? No problem. ""We say invisible.""

WRIST GRAB GROUNDING — the simplest exercise from Quantum Aikido.

How: Extend your wrist. Imaginary partner holds and gently pushes, then pulls. Don't resist — relax and 'feel where you are'. You'll feel an effortless presence that's harder to move.

Movement corridor at Saffron / Roti Chenai Community Dance Hubs - Dixon St Strip is about the dixon st strip 60-66 dixon houses multiple movement communities — wezouk, wellington wing tsun, ... This practice adds the missing layer: creativity as a physical skill.

At first 50/50 you resist less and ground more. After a while resistance becomes hard to see from outside but you feel it inside. Eventually 60% ground.

Then:
Feel
into the center
of your central core
even by drops
in ever finer adjustments

— Richard Moon

Free in Moon app — 20 exclusive practices by Richard Moon 6th Dan, unavailable anywhere else.

→ Personalized for Saffron / Roti Chenai Community Dance Hubs - Dixon St Strip: https://aikifield.com/games/exercises/?studio_id=saffron---roti-chenai-community-dance-hubs---dixon-st-strip&fb_page_id=WeZoukWellington&ref=fb_page_post&exercise=wrist-grab-grounding

Practice creativity as a physical skill.
",Move Better. Create More. — 5-min Wrist Grab Practice,Download App,MOVE BETTER. CREATE MORE.,Wrist Grab Grounding,"Partner · 5 min · Adventures in Aiki-land (R. Moon, 2010)",20 exclusive practices by Richard Moon unavailable anywhere else,https://aikifield.com/games/exercises/?studio_id=saffron---roti-chenai-community-dance-hubs---dixon-st-strip&fb_page_id=WeZoukWellington&exercise=wrist-grab-grounding&ref=fb_page_post,https://aikifield.com/games/exercises/wrist-grab-grounding?studio_id=saffron---roti-chenai-community-dance-hubs---dixon-st-strip&ref=fb_page_post
Saffron / Roti Chenai Community Dance Hubs - Dixon St Strip,Wellington NZ,Movement corridor,https://www.facebook.com/WeZoukWellington,saffron---roti-chenai-community-dance-hubs---dixon-st-strip,https://aikifield.com/games/exercises/?studio_id=saffron---roti-chenai-community-dance-hubs---dixon-st-strip&fb_page_id=WeZoukWellington&exercise=wrist-grab-grounding&ref=fb_page_post,"The Dixon St strip 60-66 Dixon houses multiple movement communities — WeZouk, Wellington Wing Tsun, and social dance. Central Wellington movement corridor.",C_DBso_KeepDoingIt,"Drop Back, Sink, Open. KeepDoingIt.

The most powerful practice is presented first — and Wrist Grab Grounding is where you feel it with a partner.

Partner grabs your extended wrist, gently pushes then pulls. Resisting push = easy to pull. Resisting pull = easy to push. Relaxing and 'feeling where you are' = effortless presence, harder to move.

Wellington NZ movers at Saffron / Roti Chenai Community Dance Hubs - Dixon St Strip — this was made for you. Solo or partner, real or invisible.

DBSO. 50% → 60% ground. KeepDoingIt.

From Quantum Aikido Book of Exercises — 20 exclusive practices unavailable anywhere else to improve physical performance + creativity. Student of Robert Nadeau since '71.

Free 5-min guided version → https://aikifield.com/games/exercises/?studio_id=saffron---roti-chenai-community-dance-hubs---dixon-st-strip&fb_page_id=WeZoukWellington&ref=fb_page_post&exercise=wrist-grab-grounding

#CreateABeautifulWorld #MoonSensei
",Practice Creativity — Wrist Grab Grounding for Saffron / Roti Chenai Community Dance Hubs - Dixon St Strip,Start Free Trial,PRACTICE CREATIVITY,Wrist Grab Grounding,"Partner · 5 min · Adventures in Aiki-land (R. Moon, 2010)",20 exclusive practices by Richard Moon unavailable anywhere else,https://aikifield.com/games/exercises/?studio_id=saffron---roti-chenai-community-dance-hubs---dixon-st-strip&fb_page_id=WeZoukWellington&exercise=wrist-grab-grounding&ref=fb_page_post,https://aikifield.com/games/exercises/wrist-grab-grounding?studio_id=saffron---roti-chenai-community-dance-hubs---dixon-st-strip&ref=fb_page_post
Family Martial Arts Kenpo Karate Cuba St,Wellington NZ,Martial arts,https://www.facebook.com/FamilyMartialArtsWellington,family-martial-arts-kenpo-karate-cuba-st,https://aikifield.com/games/exercises/?studio_id=family-martial-arts-kenpo-karate-cuba-st&fb_page_id=FamilyMartialArtsWellington&exercise=wrist-grab-grounding&ref=fb_page_post,Family Martial Arts Kenpo Karate at Cuba St Wellington. Sunday Monday Wednesday Saturday classes. Family-focused martial arts community moderate price family friendly.,A_Lead_Magnet_Demo,"At Family Martial Arts Kenpo Karate Cuba St, you know the feeling of being centered vs. being pulled off-center.

Try this 5-min practice from Richard Moon 6th Dan (student of Robert Nadeau since '71):

WRIST GRAB GROUNDING
Partner · 5 min · Adventures in Aiki-land

A partner grabs your extended wrist and gently pushes, then pulls. Resisting the push lets them pull you easily, resisting the pull lets them push you; relaxing and 'feeling where you are' produces an effortless presence that is harder to move.

At first 50/50 - resist less, ground more. Eventually 50% → 60% ground. DBSO. KeepDoingIt.

You can do it with a real partner OR invisible partner (""we say invisible"").

This is Practice #6 from 20 exclusive practices unavailable anywhere else — daily 5-min guided practices to improve physical performance + creativity.

→ Try it free in the new Moon app (personalized for Family Martial Arts Kenpo Karate Cuba St students):

Family Martial Arts Kenpo Karate at Cuba St Wellington. Sunday Monday Wednesday Saturday classes. Family-focused martial arts community moderate price...

👉 https://aikifield.com/games/exercises/?studio_id=family-martial-arts-kenpo-karate-cuba-st&fb_page_id=FamilyMartialArtsWellington&ref=fb_page_post&exercise=wrist-grab-grounding

#aikido #quantumAikido #RobertNadeau #RichardMoon #CreateABeautifulWorld
",Family Martial Arts Kenpo Karate Cuba St Students: Try Wrist Grab Grounding — Free 5-min,Try It Now,20 EXCLUSIVE PRACTICES,Wrist Grab Grounding,"Partner · 5 min · Adventures in Aiki-land (R. Moon, 2010)",20 exclusive practices by Richard Moon unavailable anywhere else,https://aikifield.com/games/exercises/?studio_id=family-martial-arts-kenpo-karate-cuba-st&fb_page_id=FamilyMartialArtsWellington&exercise=wrist-grab-grounding&ref=fb_page_post,https://aikifield.com/games/exercises/wrist-grab-grounding?studio_id=family-martial-arts-kenpo-karate-cuba-st&ref=fb_page_post
Family Martial Arts Kenpo Karate Cuba St,Wellington NZ,Martial arts,https://www.facebook.com/FamilyMartialArtsWellington,family-martial-arts-kenpo-karate-cuba-st,https://aikifield.com/games/exercises/?studio_id=family-martial-arts-kenpo-karate-cuba-st&fb_page_id=FamilyMartialArtsWellington&exercise=wrist-grab-grounding&ref=fb_page_post,Family Martial Arts Kenpo Karate at Cuba St Wellington. Sunday Monday Wednesday Saturday classes. Family-focused martial arts community moderate price family friendly.,B_Invisible_Partner,"No partner? No problem. ""We say invisible.""

WRIST GRAB GROUNDING — the simplest exercise from Quantum Aikido.

How: Extend your wrist. Imaginary partner holds and gently pushes, then pulls. Don't resist — relax and 'feel where you are'. You'll feel an effortless presence that's harder to move.

Martial arts at Family Martial Arts Kenpo Karate Cuba St is about family martial arts kenpo karate at cuba st wellington. sunday monday wednesday saturday classes. fa... This practice adds the missing layer: creativity as a physical skill.

At first 50/50 you resist less and ground more. After a while resistance becomes hard to see from outside but you feel it inside. Eventually 60% ground.

Then:
Feel
into the center
of your central core
even by drops
in ever finer adjustments

— Richard Moon

Free in Moon app — 20 exclusive practices by Richard Moon 6th Dan, unavailable anywhere else.

→ Personalized for Family Martial Arts Kenpo Karate Cuba St: https://aikifield.com/games/exercises/?studio_id=family-martial-arts-kenpo-karate-cuba-st&fb_page_id=FamilyMartialArtsWellington&ref=fb_page_post&exercise=wrist-grab-grounding

Practice creativity as a physical skill.
",Move Better. Create More. — 5-min Wrist Grab Practice,Download App,MOVE BETTER. CREATE MORE.,Wrist Grab Grounding,"Partner · 5 min · Adventures in Aiki-land (R. Moon, 2010)",20 exclusive practices by Richard Moon unavailable anywhere else,https://aikifield.com/games/exercises/?studio_id=family-martial-arts-kenpo-karate-cuba-st&fb_page_id=FamilyMartialArtsWellington&exercise=wrist-grab-grounding&ref=fb_page_post,https://aikifield.com/games/exercises/wrist-grab-grounding?studio_id=family-martial-arts-kenpo-karate-cuba-st&ref=fb_page_post
Family Martial Arts Kenpo Karate Cuba St,Wellington NZ,Martial arts,https://www.facebook.com/FamilyMartialArtsWellington,family-martial-arts-kenpo-karate-cuba-st,https://aikifield.com/games/exercises/?studio_id=family-martial-arts-kenpo-karate-cuba-st&fb_page_id=FamilyMartialArtsWellington&exercise=wrist-grab-grounding&ref=fb_page_post,Family Martial Arts Kenpo Karate at Cuba St Wellington. Sunday Monday Wednesday Saturday classes. Family-focused martial arts community moderate price family friendly.,C_DBso_KeepDoingIt,"Drop Back, Sink, Open. KeepDoingIt.

The most powerful practice is presented first — and Wrist Grab Grounding is where you feel it with a partner.

Partner grabs your extended wrist, gently pushes then pulls. Resisting push = easy to pull. Resisting pull = easy to push. Relaxing and 'feeling where you are' = effortless presence, harder to move.

Wellington NZ movers at Family Martial Arts Kenpo Karate Cuba St — this was made for you. Solo or partner, real or invisible.

DBSO. 50% → 60% ground. KeepDoingIt.

From Quantum Aikido Book of Exercises — 20 exclusive practices unavailable anywhere else to improve physical performance + creativity. Student of Robert Nadeau since '71.

Free 5-min guided version → https://aikifield.com/games/exercises/?studio_id=family-martial-arts-kenpo-karate-cuba-st&fb_page_id=FamilyMartialArtsWellington&ref=fb_page_post&exercise=wrist-grab-grounding

#CreateABeautifulWorld #MoonSensei
",Practice Creativity — Wrist Grab Grounding for Family Martial Arts Kenpo Karate Cuba St,Start Free Trial,PRACTICE CREATIVITY,Wrist Grab Grounding,"Partner · 5 min · Adventures in Aiki-land (R. Moon, 2010)",20 exclusive practices by Richard Moon unavailable anywhere else,https://aikifield.com/games/exercises/?studio_id=family-martial-arts-kenpo-karate-cuba-st&fb_page_id=FamilyMartialArtsWellington&exercise=wrist-grab-grounding&ref=fb_page_post,https://aikifield.com/games/exercises/wrist-grab-grounding?studio_id=family-martial-arts-kenpo-karate-cuba-st&ref=fb_page_post
